nquest,debm11,debrf11,tdebita11,moratoria1,mutuodu11,mutuoin11,anmutuo11,tmutuoab11,tipotax11,debgar11_1,debgar11_2,debgar11_3,debpers11,debm12,debrf12,tdebita12,moratoria2,mutuodu12,mutuoin12,anmutuo12,tmutuoab12,tipotax12,debgar12_1,debgar12_2,debgar12_3,debpers12,debm13,debrf13,tdebita13,moratoria3,mutuodu13,mutuoin13,anmutuo13,tmutuoab13,tipotax13,debgar13_1,debgar13_2,debgar13_3,debpers13,taxfis11,taxvar11,taxfis12,taxvar12,taxfis13,taxvar13
2447,2,2,20000,3,7,25000,2010,4900,1,0,0,1,1,,,,,,,,,,,,,,,,,,,,,,,,,,,8.8,,,,,
20837,2,2,8000,3,5,40000,2008,8400,1,0,0,1,1,,,,,,,,,,,,,,,,,,,,,,,,,,,3.5,,,,,
23823,1,1,90000,3,20,100000,2010,5500,1,1,0,0,,,,,,,,,,,,,,,,,,,,,,,,,,,,5.05,,,,,
27238,2,2,7500,3,5,20000,2008,4800,1,0,1,0,,,,,,,,,,,,,,,,,,,,,,,,,,,,5,,,,,
29737,2,2,2000,3,10,150000,2003,7500,1,0,0,1,2,,,,,,,,,,,,,,,,,,,,,,,,,,,4,,,,,
32144,1,2,20000,3,10,45000,2008,6000,1,1,0,0,,,,,,,,,,,,,,,,,,,,,,,,,,,,6,,,,,
32318,2,2,3350,3,2,3500,2012,500,1,0,0,1,1,,,,,,,,,,,,,,,,,,,,,,,,,,,4,,,,,
32320,1,2,65000,3,15,150000,2004,12600,1,1,0,0,,,,,,,,,,,,,,,,,,,,,,,,,,,,4.05,,,,,
32556,2,2,3000,3,15,30000,1998,3000,2,1,0,0,,,,,,,,,,,,,,,,,,,,,,,,,,,,,6,,,,
32962,1,2,45000,3,20,75000,2005,5640,1,1,0,0,,,,,,,,,,,,,,,,,,,,,,,,,,,,4,,,,,
33303,2,2,22000,3,12,80000,2003,10800,1,1,0,0,,,,,,,,,,,,,,,,,,,,,,,,,,,,4.05,,,,,
33773,2,2,23000,3,10,30000,2006,6000,1,0,0,1,2,,,,,,,,,,,,,,,,,,,,,,,,,,,7,,,,,
33781,2,2,7000,1,10,12000,2009,4000,1,0,0,1,1,,,,,,,,,,,,,,,,,,,,,,,,,,,9,,,,,
35022,1,2,85000,1,30,106000,2004,7000,2,1,0,0,,,,,,,,,,,,,,,,,,,,,,,,,,,,,3,,,,
35032,1,2,3200,3,15,30000,1998,3200,1,1,0,0,,,,,,,,,,,,,,,,,,,,,,,,,,,,4.5,,,,,
35372,2,2,12500,3,4,25000,2010,7200,2,1,0,0,,2,2,10000,3,5,15000,2012,500,2,1,0,0,,,,,,,,,,,,,,,,6.5,,5.5,,
35498,2,2,5000,3,5,5000,2012,500,1,0,0,1,1,,,,,,,,,,,,,,,,,,,,,,,,,,,8,,,,,
35520,1,2,14400,3,20,90000,1994,3600,1,1,0,0,,,,,,,,,,,,,,,,,,,,,,,,,,,,4,,,,,
36131,1,2,56000,3,25,103000,2000,6800,2,1,0,0,,,,,,,,,,,,,,,,,,,,,,,,,,,,,1.05,,,,
37001,2,2,9000,3,10,35000,2005,4200,1,1,0,0,,,,,,,,,,,,,,,,,,,,,,,,,,,,5,,,,,
37665,1,2,75000,3,30,140000,2000,8100,1,1,0,0,,,,,,,,,,,,,,,,,,,,,,,,,,,,3.98,,,,,
38014,1,2,6000,3,20,40000,1996,2280,1,0,0,1,1,,,,,,,,,,,,,,,,,,,,,,,,,,,8,,,,,
38964,2,2,30000,3,30,60000,2004,2500,2,1,0,0,,,,,,,,,,,,,,,,,,,,,,,,,,,,,6,,,,
39697,1,2,12800,3,25,120000,1992,2700,1,0,0,1,2,,,,,,,,,,,,,,,,,,,,,,,,,,,4,,,,,
53520,1,2,10000,3,15,40000,2001,3300,1,1,0,0,,,,,,,,,,,,,,,,,,,,,,,,,,,,3,,,,,
53666,2,2,9000,3,7,15000,2009,3500,1,0,0,1,1,,,,,,,,,,,,,,,,,,,,,,,,,,,13,,,,,
56656,2,2,20000,3,20,50000,2004,2000,2,1,0,0,,,,,,,,,,,,,,,,,,,,,,,,,,,,,4,,,,
56686,1,2,4000,3,15,35000,1997,4000,1,1,0,0,,,,,,,,,,,,,,,,,,,,,,,,,,,,6.5,,,,,
57086,1,2,17000,3,15,80000,2003,5000,2,1,0,0,,,,,,,,,,,,,,,,,,,,,,,,,,,,,6,,,,
57670,2,2,35000,3,30,52000,2007,3732,1,0,0,1,2,,,,,,,,,,,,,,,,,,,,,,,,,,,6,,,,,
58053,2,2,50000,3,20,60000,2011,4400,2,1,0,0,,,,,,,,,,,,,,,,,,,,,,,,,,,,,3,,,,
91081,1,2,80000,1,20,200000,2000,9000,2,1,0,0,,,,,,,,,,,,,,,,,,,,,,,,,,,,,3,,,,
217081,1,3,16000,3,17,40000,2001,1500,2,1,0,0,,,,,,,,,,,,,,,,,,,,,,,,,,,,,4,,,,
500176,1,2,32000,3,20,41000,2006,3400,1,1,0,0,,,,,,,,,,,,,,,,,,,,,,,,,,,,5,,,,,
501082,1,2,20000,3,25,80000,1994,3000,1,1,0,0,,,,,,,,,,,,,,,,,,,,,,,,,,,,8,,,,,
504110,1,2,22000,3,15,100000,2001,8900,1,1,0,0,,,,,,,,,,,,,,,,,,,,,,,,,,,,4,,,,,
504359,2,2,10000,3,5,15000,2011,3600,1,0,0,1,1,,,,,,,,,,,,,,,,,,,,,,,,,,,6,,,,,
504395,2,2,15000,1,15,50000,2003,2600,2,1,0,0,,2,2,15000,3,15,50000,2003,3300,1,1,0,0,,,,,,,,,,,,,,,,5,2,,,
504483,1,2,80000,1,15,180000,2004,13000,2,1,0,0,,,,,,,,,,,,,,,,,,,,,,,,,,,,,2,,,,
504821,1,2,77000,3,25,90000,2007,6720,1,1,0,0,,,,,,,,,,,,,,,,,,,,,,,,,,,,5.65,,,,,
504956,1,2,100000,3,20,100000,2011,7000,1,0,1,0,,,,,,,,,,,,,,,,,,,,,,,,,,,,3,,,,,
505424,1,2,91000,3,20,100000,2008,5200,2,1,0,0,,,,,,,,,,,,,,,,,,,,,,,,,,,,,1,,,,
505433,2,2,112000,3,20,216000,2001,6600,1,1,0,0,,,,,,,,,,,,,,,,,,,,,,,,,,,,3.25,,,,,
505436,1,2,8000,3,20,60000,1994,4000,2,1,0,0,,,,,,,,,,,,,,,,,,,,,,,,,,,,,1.5,,,,
505469,2,2,110000,3,15,130000,2010,10800,1,1,0,0,,,,,,,,,,,,,,,,,,,,,,,,,,,,3.07,,,,,
505548,1,2,74000,3,20,80000,2011,6000,2,1,0,0,,,,,,,,,,,,,,,,,,,,,,,,,,,,,,,,,
505818,1,2,66000,3,10,200000,2007,24000,2,1,0,0,,,,,,,,,,,,,,,,,,,,,,,,,,,,,1.1,,,,
505820,1,2,150000,3,25,190000,2006,10000,2,1,0,0,,,,,,,,,,,,,,,,,,,,,,,,,,,,,4.05,,,,
506152,2,2,15000,3,15,75000,2000,6000,2,1,0,0,,,,,,,,,,,,,,,,,,,,,,,,,,,,,5,,,,
506458,1,2,70000,3,20,137000,2006,8800,1,1,0,0,,,,,,,,,,,,,,,,,,,,,,,,,,,,3.5,,,,,
506657,1,2,39000,3,20,77000,2002,5000,2,1,0,0,,2,2,40000,3,15,50000,2006,4800,2,1,0,0,,,,,,,,,,,,,,,,1.2,,1.8,,
507329,1,2,148000,3,25,200000,2005,12000,1,1,0,0,,,,,,,,,,,,,,,,,,,,,,,,,,,,8,,,,,
507360,1,2,170000,3,20,400000,2000,8000,2,1,0,0,,,,,,,,,,,,,,,,,,,,,,,,,,,,,4,,,,
507544,2,2,110000,3,20,200000,2001,13000,2,1,0,0,,,,,,,,,,,,,,,,,,,,,,,,,,,,,2.5,,,,
507750,2,2,6000,3,6,20500,2009,4200,1,0,0,1,1,,,,,,,,,,,,,,,,,,,,,,,,,,,8,,,,,
509074,1,2,59000,3,20,98000,2003,7200,2,1,0,0,,,,,,,,,,,,,,,,,,,,,,,,,,,,,4,,,,
509139,2,2,1000,3,5,8000,2007,2000,1,0,0,1,1,,,,,,,,,,,,,,,,,,,,,,,,,,,5.05,,,,,
510345,1,2,41000,3,14,105000,2004,8400,2,1,0,0,,,,,,,,,,,,,,,,,,,,,,,,,,,,,6.05,,,,
512517,2,2,73676,3,15,85000,2010,2850,2,1,0,0,,2,2,2520,3,3,7000,2010,1440,1,0,0,1,1,,,,,,,,,,,,,,,4,4.5,,,
512547,1,2,150000,3,25,180000,2011,12000,2,1,0,0,,,,,,,,,,,,,,,,,,,,,,,,,,,,,4.5,,,,
512784,2,2,18000,3,10,30000,2007,4800,1,1,0,0,,,,,,,,,,,,,,,,,,,,,,,,,,,,9.6,,,,,
512843,1,2,22500,3,15,80000,2000,4800,1,0,0,1,1,,,,,,,,,,,,,,,,,,,,,,,,,,,,,,,,
512849,1,2,20000,3,15,60000,2000,4800,1,1,0,0,,,,,,,,,,,,,,,,,,,,,,,,,,,,,,,,,
513045,2,3,1065,3,10,40000,2003,4260,1,1,0,0,,,,,,,,,,,,,,,,,,,,,,,,,,,,4.05,,,,,
513430,2,1,45000,3,20,60000,2001,4800,1,1,0,0,,,,,,,,,,,,,,,,,,,,,,,,,,,,6.05,,,,,
513449,1,2,70000,3,20,100000,2006,7000,1,1,0,0,,,,,,,,,,,,,,,,,,,,,,,,,,,,4.95,,,,,
611614,2,2,15000,3,15,50000,2001,5000,2,1,0,0,,,,,,,,,,,,,,,,,,,,,,,,,,,,,3.05,,,,
613319,2,2,5000,3,30,50000,1990,3000,2,0,0,1,1,,,,,,,,,,,,,,,,,,,,,,,,,,,,3,,,,
615399,2,2,30000,3,12,30000,2012,500,1,0,0,1,1,,,,,,,,,,,,,,,,,,,,,,,,,,,7,,,,,
620858,1,2,65000,3,25,98000,2003,8340,1,1,0,0,,,,,,,,,,,,,,,,,,,,,,,,,,,,3.9,,,,,
626259,2,2,60000,3,15,250000,2001,19000,2,1,0,0,,,,,,,,,,,,,,,,,,,,,,,,,,,,,4,,,,
626550,1,1,15000,3,15,60000,1999,5600,2,0,0,1,1,,,,,,,,,,,,,,,,,,,,,,,,,,,,3.5,,,,
627314,1,2,150000,3,30,180000,2011,10000,1,1,0,0,,,,,,,,,,,,,,,,,,,,,,,,,,,,4.4,,,,,
633458,1,2,70000,3,25,110000,1999,9600,2,1,0,0,,,,,,,,,,,,,,,,,,,,,,,,,,,,,4.75,,,,
634144,1,2,8500,3,15,51000,1999,4700,2,0,0,1,1,,,,,,,,,,,,,,,,,,,,,,,,,,,,0.82,,,,
634821,2,2,100000,3,15,120000,2011,9600,1,1,0,0,,,,,,,,,,,,,,,,,,,,,,,,,,,,3,,,,,
635112,1,1,50000,3,20,75000,2001,4200,1,1,0,0,,2,2,40000,3,20,50000,2009,4200,1,1,0,0,,,,,,,,,,,,,,,5,,5,,,
635263,1,2,75000,3,20,110000,2006,8200,2,1,0,0,,,,,,,,,,,,,,,,,,,,,,,,,,,,,3.5,,,,
635346,2,2,38000,3,10,45000,2011,4500,1,1,0,0,,,,,,,,,,,,,,,,,,,,,,,,,,,,3.5,,,,,
636289,2,2,115000,3,15,130000,2010,10112,2,1,0,0,,,,,,,,,,,,,,,,,,,,,,,,,,,,,2.05,,,,
639502,1,2,100000,3,20,124000,2007,9333,1,1,0,0,,,,,,,,,,,,,,,,,,,,,,,,,,,,4.5,,,,,
639509,1,2,90000,3,20,180000,2002,10000,2,1,0,0,,,,,,,,,,,,,,,,,,,,,,,,,,,,,2.07,,,,
640864,2,2,40000,1,25,50000,2001,2000,2,1,0,0,,,,,,,,,,,,,,,,,,,,,,,,,,,,,4.5,,,,
641305,1,2,34069,3,20,61974,2000,5846,1,1,0,0,,2,2,8000,3,7,13000,2009,2200,1,0,0,1,1,,,,,,,,,,,,,,7,,6.5,,,
642007,1,2,20000,3,15,125000,1999,9000,2,1,0,0,,,,,,,,,,,,,,,,,,,,,,,,,,,,,4.06,,,,
648790,2,2,2500,3,6,6000,2009,1200,1,0,0,1,1,,,,,,,,,,,,,,,,,,,,,,,,,,,6,,,,,
649015,1,2,5000,3,10,120000,2003,6000,1,1,0,0,,,,,,,,,,,,,,,,,,,,,,,,,,,,6,,,,,
670711,1,2,48000,3,30,100000,2008,2600,2,1,0,0,,,,,,,,,,,,,,,,,,,,,,,,,,,,,3,,,,
671206,1,2,16000,1,20,40000,1999,2200,2,1,0,0,,,,,,,,,,,,,,,,,,,,,,,,,,,,,,,,,
671603,1,2,32000,3,15,90000,2007,6000,1,1,0,0,,,,,,,,,,,,,,,,,,,,,,,,,,,,5.2,,,,,
671733,2,1,8000,3,15,77500,2002,9000,2,1,0,0,,,,,,,,,,,,,,,,,,,,,,,,,,,,,4,,,,
672417,1,2,54000,3,20,80000,2001,6000,1,1,0,0,,,,,,,,,,,,,,,,,,,,,,,,,,,,4,,,,,
672978,2,2,10800,3,15,35000,2001,3600,1,1,0,0,,,,,,,,,,,,,,,,,,,,,,,,,,,,6,,,,,
673145,1,2,40000,3,20,80000,2004,6000,2,1,0,0,,,,,,,,,,,,,,,,,,,,,,,,,,,,,4.5,,,,
673373,2,2,6800,3,10,20000,2005,2100,2,1,0,0,,,,,,,,,,,,,,,,,,,,,,,,,,,,,4.5,,,,
673882,1,2,15000,3,15,110000,2000,8600,1,1,0,0,,,,,,,,,,,,,,,,,,,,,,,,,,,,5.12,,,,,
674176,1,2,160000,3,25,230000,2005,10800,2,1,0,0,,,,,,,,,,,,,,,,,,,,,,,,,,,,,3,,,,
674239,1,2,115000,3,20,135000,2009,9300,1,1,0,0,,,,,,,,,,,,,,,,,,,,,,,,,,,,4.9,,,,,
674271,1,2,55000,3,20,60000,2008,6000,1,1,0,0,,,,,,,,,,,,,,,,,,,,,,,,,,,,5.95,,,,,
674361,2,2,900,3,5,15000,2008,3500,2,0,0,1,1,,,,,,,,,,,,,,,,,,,,,,,,,,,,6.5,,,,
674542,2,2,100000,3,15,140000,2008,10500,2,1,0,0,,,,,,,,,,,,,,,,,,,,,,,,,,,,,4.5,,,,
674842,2,1,18000,3,15,35000,2004,3600,1,1,0,0,,,,,,,,,,,,,,,,,,,,,,,,,,,,3,,,,,
674895,1,2,2000,3,15,60000,1998,6240,2,1,0,0,,,,,,,,,,,,,,,,,,,,,,,,,,,,,7,,,,
674919,1,2,20000,3,20,100000,1997,7200,1,1,0,0,,,,,,,,,,,,,,,,,,,,,,,,,,,,4.05,,,,,
675223,2,1,20000,3,10,26000,2009,3700,1,0,0,1,1,,,,,,,,,,,,,,,,,,,,,,,,,,,5.2,,,,,
675272,1,2,140000,1,30,154000,2002,10500,1,1,0,0,,,,,,,,,,,,,,,,,,,,,,,,,,,,4,,,,,
675702,1,2,95000,3,15,140000,2008,10000,2,1,0,0,,,,,,,,,,,,,,,,,,,,,,,,,,,,,2,,,,
675905,1,2,60000,3,10,70000,2012,5280,1,1,0,0,,,,,,,,,,,,,,,,,,,,,,,,,,,,2.45,,,,,
676282,1,2,60000,3,25,70000,2005,4500,1,1,0,0,,,,,,,,,,,,,,,,,,,,,,,,,,,,14.47,,,,,
676470,1,2,26000,3,20,80000,2005,3400,2,1,0,0,,2,2,1200,3,3,1400,2012,500,1,0,0,1,1,,,,,,,,,,,,,,,1.8,2.78,,,
677964,2,1,35000,1,10,40000,2010,4500,1,1,0,0,,2,1,14500,1,10,15000,2009,2800,1,1,0,0,,,,,,,,,,,,,,,11,,12,,,
678138,2,1,10000,1,10,12000,2011,1150,1,0,0,1,2,,,,,,,,,,,,,,,,,,,,,,,,,,,2,,,,,
678190,2,2,15000,3,5,30000,2010,7200,2,1,0,0,,,,,,,,,,,,,,,,,,,,,,,,,,,,,5,,,,
680537,1,2,10000,3,15,50000,1998,5000,3,1,0,0,,,,,,,,,,,,,,,,,,,,,,,,,,,,,,,,,
680601,1,2,3000,3,13,50000,2000,5400,2,1,0,0,,,,,,,,,,,,,,,,,,,,,,,,,,,,,3,,,,
680774,1,2,95000,3,24,100000,2012,6480,1,1,0,0,,,,,,,,,,,,,,,,,,,,,,,,,,,,5.1,,,,,
681380,1,2,25000,3,25,110000,1996,5200,1,0,0,1,1,,,,,,,,,,,,,,,,,,,,,,,,,,,5,,,,,
681387,2,2,20000,3,15,75000,2001,3600,1,1,0,0,,,,,,,,,,,,,,,,,,,,,,,,,,,,4,,,,,
681394,1,1,159000,3,30,165000,2011,6000,2,1,0,0,,,,,,,,,,,,,,,,,,,,,,,,,,,,,4.5,,,,
681668,2,2,1500,3,5,22000,2008,5000,1,0,0,1,1,,,,,,,,,,,,,,,,,,,,,,,,,,,3.6,,,,,
681711,2,1,45000,3,10,70000,2009,9600,1,1,0,0,,,,,,,,,,,,,,,,,,,,,,,,,,,,6,,,,,
681713,1,2,90000,3,20,139000,2003,8000,2,1,0,0,,,,,,,,,,,,,,,,,,,,,,,,,,,,,2.02,,,,
681844,1,2,196000,3,20,200000,2011,15600,1,1,0,0,,,,,,,,,,,,,,,,,,,,,,,,,,,,4.8,,,,,
681875,1,2,52000,3,25,83000,2002,4500,1,1,0,0,,,,,,,,,,,,,,,,,,,,,,,,,,,,2.5,,,,,
681897,1,2,100000,3,30,150000,2001,9600,2,1,0,0,,,,,,,,,,,,,,,,,,,,,,,,,,,,,3,,,,
682609,1,2,55000,3,20,105000,2002,6000,2,1,0,0,,,,,,,,,,,,,,,,,,,,,,,,,,,,,4,,,,
682791,2,1,80000,3,15,180000,2002,14400,1,1,0,0,,,,,,,,,,,,,,,,,,,,,,,,,,,,5.05,,,,,
683033,1,2,150000,3,27,170000,2005,10800,2,1,0,0,,,,,,,,,,,,,,,,,,,,,,,,,,,,,2.05,,,,
683143,2,2,23000,3,6,26000,2010,6000,1,0,0,1,1,,,,,,,,,,,,,,,,,,,,,,,,,,,10.03,,,,,
683159,1,2,150000,3,25,250000,2000,8000,1,1,0,0,,1,2,12000,3,25,50000,2000,500,1,1,0,0,,,,,,,,,,,,,,,4,,4,,,
683164,1,2,140000,3,25,150000,2011,9600,2,1,0,0,,,,,,,,,,,,,,,,,,,,,,,,,,,,,2.5,,,,
683201,1,2,160000,1,25,180000,2009,9600,2,1,0,0,,,,,,,,,,,,,,,,,,,,,,,,,,,,,7,,,,
683247,2,1,20000,3,5,30000,2010,6360,1,1,0,0,,,,,,,,,,,,,,,,,,,,,,,,,,,,7.9,,,,,
683349,1,2,75000,3,20,140000,2002,11000,2,1,0,0,,,,,,,,,,,,,,,,,,,,,,,,,,,,,1.4,,,,
683352,1,2,80000,3,30,125000,2007,9000,1,1,0,0,,1,2,3000,3,5,30000,2007,750,1,1,0,0,,,,,,,,,,,,,,,6.8,,9,,,
683453,1,2,59000,1,20,72000,2002,6000,2,1,0,0,,,,,,,,,,,,,,,,,,,,,,,,,,,,,5,,,,
683569,1,2,47000,3,20,85000,2003,3700,2,1,0,0,,,,,,,,,,,,,,,,,,,,,,,,,,,,,5,,,,
683611,1,2,120000,3,25,130000,2007,6000,2,1,0,0,,,,,,,,,,,,,,,,,,,,,,,,,,,,,5,,,,
683904,2,2,10000,3,15,50000,2000,4560,1,1,0,0,,,,,,,,,,,,,,,,,,,,,,,,,,,,11,,,,,
684229,1,1,120000,3,25,130000,2009,7000,2,1,0,0,,1,1,95000,3,30,108000,2009,4000,2,1,0,0,,,,,,,,,,,,,,,,1.08,,1.03,,
684234,1,2,20000,3,15,80000,1999,10000,2,1,0,0,,,,,,,,,,,,,,,,,,,,,,,,,,,,,5,,,,
684240,1,2,36000,3,20,60000,2000,4400,2,1,0,0,,,,,,,,,,,,,,,,,,,,,,,,,,,,,1.4,,,,
684290,2,2,18000,3,5,19000,2012,4000,1,1,0,0,,,,,,,,,,,,,,,,,,,,,,,,,,,,8.5,,,,,
684407,1,2,60000,3,20,120000,1999,8000,3,1,0,0,,,,,,,,,,,,,,,,,,,,,,,,,,,,,,,,,
684675,1,2,15000,3,7,25000,2007,4000,1,1,0,0,,,,,,,,,,,,,,,,,,,,,,,,,,,,5,,,,,
684793,1,2,20000,3,15,80000,2004,5000,1,1,0,0,,,,,,,,,,,,,,,,,,,,,,,,,,,,4.07,,,,,
685058,1,2,64000,3,20,80000,2008,4400,1,0,0,1,1,,,,,,,,,,,,,,,,,,,,,,,,,,,6,,,,,
685149,1,2,20000,3,15,52000,1999,5000,1,1,0,0,,2,2,2000,3,10,9400,2004,1100,2,0,0,1,1,,,,,,,,,,,,,,6.35,,,1.29,,
685196,1,2,90000,3,20,110000,2008,6200,2,1,0,0,,,,,,,,,,,,,,,,,,,,,,,,,,,,,1.8,,,,
685664,1,2,32000,3,20,40000,1999,3492,1,1,0,0,,,,,,,,,,,,,,,,,,,,,,,,,,,,6.1,,,,,
685908,2,2,15000,3,15,45000,2000,5000,1,1,0,0,,,,,,,,,,,,,,,,,,,,,,,,,,,,5,,,,,
686134,1,2,7000,3,15,50000,1998,6400,2,1,0,0,,,,,,,,,,,,,,,,,,,,,,,,,,,,,2,,,,
686173,1,2,30000,3,15,75000,2000,6000,2,1,0,0,,,,,,,,,,,,,,,,,,,,,,,,,,,,,3.5,,,,
686304,1,2,44000,3,35,90000,1994,3500,1,1,0,0,,,,,,,,,,,,,,,,,,,,,,,,,,,,4,,,,,
686423,2,2,6500,3,6,15000,2009,3500,1,0,0,1,1,2,2,9000,3,15,25000,2003,2200,1,1,0,0,,,,,,,,,,,,,,,9,,3.08,,,
686634,1,2,26000,3,20,50000,2001,5500,2,1,0,0,,,,,,,,,,,,,,,,,,,,,,,,,,,,,2.05,,,,
687056,2,2,5000,3,6,25000,2007,5700,1,0,0,1,1,,,,,,,,,,,,,,,,,,,,,,,,,,,7.5,,,,,
687112,1,2,131460,3,20,150000,2007,11760,1,1,0,0,,,,,,,,,,,,,,,,,,,,,,,,,,,,5,,,,,
687135,1,2,75000,3,30,90000,2009,5000,1,1,0,0,,,,,,,,,,,,,,,,,,,,,,,,,,,,5,,,,,
687321,2,1,22000,3,15,45000,2003,4600,1,1,0,0,,,,,,,,,,,,,,,,,,,,,,,,,,,,6,,,,,
687569,2,2,6000,3,10,60000,2004,12000,2,1,0,0,,,,,,,,,,,,,,,,,,,,,,,,,,,,,3,,,,
687953,2,2,80000,3,20,80000,2012,500,1,1,0,0,,,,,,,,,,,,,,,,,,,,,,,,,,,,4,,,,,
688179,1,1,38000,1,20,77500,2000,7200,2,1,0,0,,,,,,,,,,,,,,,,,,,,,,,,,,,,,11,,,,
688194,2,2,15000,3,5,20000,2012,2800,1,0,0,1,1,,,,,,,,,,,,,,,,,,,,,,,,,,,4.05,,,,,
688264,1,2,12000,3,8,60000,2006,6000,1,1,0,0,,,,,,,,,,,,,,,,,,,,,,,,,,,,3,,,,,
688287,1,2,150000,3,25,175000,2004,11000,2,1,0,0,,,,,,,,,,,,,,,,,,,,,,,,,,,,,0.04,,,,
688323,1,2,80000,3,20,90000,2012,3500,1,1,0,0,,,,,,,,,,,,,,,,,,,,,,,,,,,,5.5,,,,,
700738,2,2,2300,3,15,39000,1998,3000,2,1,0,0,,,,,,,,,,,,,,,,,,,,,,,,,,,,,7.5,,,,
700913,1,2,1692,3,10,57000,2003,6768,2,1,0,0,,,,,,,,,,,,,,,,,,,,,,,,,,,,,2.03,,,,
700950,1,2,128000,3,20,160000,2006,12768,1,1,0,0,,,,,,,,,,,,,,,,,,,,,,,,,,,,5.5,,,,,
701324,1,2,90000,3,20,155000,1999,13000,1,1,0,0,,,,,,,,,,,,,,,,,,,,,,,,,,,,4,,,,,
704911,1,2,8000,3,15,50000,2000,6000,1,1,0,0,,,,,,,,,,,,,,,,,,,,,,,,,,,,5,,,,,
706460,1,2,69000,3,25,100000,2006,6500,2,1,0,0,,,,,,,,,,,,,,,,,,,,,,,,,,,,,2,,,,
707253,2,2,20000,1,7,20000,2012,1000,2,1,0,0,,,,,,,,,,,,,,,,,,,,,,,,,,,,,3.2,,,,
707857,3,2,3000,3,15,25000,1999,2400,1,1,0,0,,,,,,,,,,,,,,,,,,,,,,,,,,,,3,,,,,
707938,1,2,40000,3,20,70000,1997,6000,2,1,0,0,,,,,,,,,,,,,,,,,,,,,,,,,,,,,3,,,,
707963,1,2,240000,3,30,300000,2006,9600,1,1,0,0,,,,,,,,,,,,,,,,,,,,,,,,,,,,7,,,,,
708023,1,2,67000,3,20,100000,2003,8500,1,1,0,0,,,,,,,,,,,,,,,,,,,,,,,,,,,,7,,,,,
709460,1,2,12000,3,15,70000,2004,2640,2,1,0,0,,,,,,,,,,,,,,,,,,,,,,,,,,,,,2.8,,,,
710624,1,2,38000,3,15,50000,2005,4080,1,1,0,0,,,,,,,,,,,,,,,,,,,,,,,,,,,,5.4,,,,,
711312,1,2,8000,3,15,87000,1999,8000,2,1,0,0,,,,,,,,,,,,,,,,,,,,,,,,,,,,,3.2,,,,
712823,1,1,35000,1,20,50000,2005,3300,1,1,0,0,,,,,,,,,,,,,,,,,,,,,,,,,,,,1.5,,,,,
713222,1,2,40000,3,15,40000,2008,4200,1,1,0,0,,,,,,,,,,,,,,,,,,,,,,,,,,,,5.02,,,,,
713851,1,1,68000,3,20,80000,2003,5500,1,1,0,0,,,,,,,,,,,,,,,,,,,,,,,,,,,,9.1,,,,,
713852,1,2,22500,3,17,70000,2000,6500,2,1,0,0,,,,,,,,,,,,,,,,,,,,,,,,,,,,,9.5,,,,
714475,2,2,4800,3,6,30000,2006,500,1,0,0,1,1,,,,,,,,,,,,,,,,,,,,,,,,,,,6.5,,,,,
715004,1,2,14000,3,5,35000,2010,5200,1,0,0,1,1,,,,,,,,,,,,,,,,,,,,,,,,,,,2,,,,,
715065,1,2,86000,3,20,125000,2005,8000,2,1,0,0,,,,,,,,,,,,,,,,,,,,,,,,,,,,,6,,,,
716507,1,2,112000,3,30,160000,2005,4000,2,1,0,0,,,,,,,,,,,,,,,,,,,,,,,,,,,,,3.6,,,,
717409,1,2,75000,3,25,100000,2004,5400,2,1,0,0,,,,,,,,,,,,,,,,,,,,,,,,,,,,,3.5,,,,
717414,2,2,29000,3,15,70000,2002,6900,1,1,0,0,,,,,,,,,,,,,,,,,,,,,,,,,,,,5.4,,,,,
717434,1,1,160000,3,30,180000,1995,7200,1,1,0,0,,,,,,,,,,,,,,,,,,,,,,,,,,,,1.5,,,,,
717624,1,2,48000,1,20,89000,2000,5000,1,1,0,0,,,,,,,,,,,,,,,,,,,,,,,,,,,,5.2,,,,,
717669,1,2,120000,3,30,135000,2010,8400,2,1,0,0,,,,,,,,,,,,,,,,,,,,,,,,,,,,,7.05,,,,
717900,1,2,100000,3,20,100000,2012,1500,3,1,0,0,,,,,,,,,,,,,,,,,,,,,,,,,,,,,,,,,
719109,2,1,100000,3,20,110000,2010,8000,2,1,0,0,,,,,,,,,,,,,,,,,,,,,,,,,,,,,4.8,,,,
720117,2,2,80000,3,15,120000,2005,9600,2,1,0,0,,,,,,,,,,,,,,,,,,,,,,,,,,,,,4,,,,
720139,1,2,7200,3,15,20000,2000,2400,1,1,0,0,,,,,,,,,,,,,,,,,,,,,,,,,,,,5,,,,,
720404,1,1,100000,1,20,100000,2003,7440,1,1,0,0,,,,,,,,,,,,,,,,,,,,,,,,,,,,5.8,,,,,
720416,2,1,12000,3,5,15000,2012,3600,1,1,0,0,,,,,,,,,,,,,,,,,,,,,,,,,,,,5.85,,,,,
720634,2,2,43000,3,17,83000,2006,6700,1,1,0,0,,,,,,,,,,,,,,,,,,,,,,,,,,,,7,,,,,
721521,1,2,5120,3,10,30000,2004,3457,2,0,0,1,1,,,,,,,,,,,,,,,,,,,,,,,,,,,,1.05,,,,
721871,1,2,30000,3,20,60000,2000,3800,1,1,0,0,,,,,,,,,,,,,,,,,,,,,,,,,,,,2.05,,,,,
722141,1,2,95000,3,30,132000,2006,7000,2,1,0,0,,,,,,,,,,,,,,,,,,,,,,,,,,,,,4.35,,,,
723200,2,2,15000,3,7,70000,2007,7000,1,1,0,0,,,,,,,,,,,,,,,,,,,,,,,,,,,,3,,,,,
724042,1,2,30000,3,15,150000,1999,12000,2,1,0,0,,,,,,,,,,,,,,,,,,,,,,,,,,,,,3.05,,,,
724714,2,2,50000,3,15,80000,2005,7200,1,1,0,0,,,,,,,,,,,,,,,,,,,,,,,,,,,,5,,,,,
724926,1,2,100000,2,20,140000,2006,7000,2,0,0,1,1,,,,,,,,,,,,,,,,,,,,,,,,,,,,,,,,
728160,1,2,140000,3,20,165000,2011,9600,2,1,0,0,,,,,,,,,,,,,,,,,,,,,,,,,,,,,2,,,,
728306,1,2,4000,3,10,35000,2004,4000,1,0,1,0,,,,,,,,,,,,,,,,,,,,,,,,,,,,4.05,,,,,
728665,1,2,62000,3,30,85000,2002,4800,2,0,0,1,2,,,,,,,,,,,,,,,,,,,,,,,,,,,,0.24,,,,
731660,1,2,45000,3,15,110000,2005,7200,1,1,0,0,,,,,,,,,,,,,,,,,,,,,,,,,,,,3.5,,,,,
733612,1,2,25000,3,15,110000,2000,10000,2,1,0,0,,,,,,,,,,,,,,,,,,,,,,,,,,,,,4,,,,
734107,1,2,50000,3,20,150000,1998,9000,2,1,0,0,,,,,,,,,,,,,,,,,,,,,,,,,,,,,,,,,
735621,1,2,8000,3,15,51000,1998,6000,1,1,0,0,,,,,,,,,,,,,,,,,,,,,,,,,,,,1.55,,,,,
735743,1,1,120000,3,30,150000,1997,7200,2,1,0,0,,,,,,,,,,,,,,,,,,,,,,,,,,,,,3.6,,,,
736010,1,2,4700,3,15,60000,1998,5000,1,0,0,1,1,3,3,15000,3,15,35000,2000,2000,1,0,0,1,1,,,,,,,,,,,,,,,,,,,
736917,1,2,8750,3,15,50000,2000,4200,1,1,0,0,,,,,,,,,,,,,,,,,,,,,,,,,,,,4,,,,,
736921,1,2,59000,3,15,90000,2009,7100,1,1,0,0,,,,,,,,,,,,,,,,,,,,,,,,,,,,4.5,,,,,
737420,1,2,100000,3,25,150000,2002,8600,1,1,0,0,,,,,,,,,,,,,,,,,,,,,,,,,,,,2.09,,,,,
737436,1,2,54000,3,20,90000,2000,7200,2,1,0,0,,,,,,,,,,,,,,,,,,,,,,,,,,,,,4.05,,,,
737730,1,2,98000,3,25,120000,2004,7300,2,1,0,0,,,,,,,,,,,,,,,,,,,,,,,,,,,,,3,,,,
800003,1,2,80000,3,20,120000,2004,7200,2,1,0,0,,,,,,,,,,,,,,,,,,,,,,,,,,,,,4,,,,
800010,2,1,125000,1,22,165000,2005,8000,2,1,0,0,,,,,,,,,,,,,,,,,,,,,,,,,,,,,5,,,,
800013,1,2,98000,3,25,108000,2005,7800,1,1,0,0,,3,2,5400,3,10,15000,2006,1800,1,0,0,1,2,3,2,3600,3,5,8000,2009,1800,1,0,0,1,1,5.49,,3.7,,6.9,
800041,1,2,50000,3,20,100000,2000,7200,2,1,0,0,,,,,,,,,,,,,,,,,,,,,,,,,,,,,4,,,,
800135,2,2,600,3,8,40000,2005,8000,1,1,0,0,,,,,,,,,,,,,,,,,,,,,,,,,,,,8,,,,,
800449,2,2,73000,3,20,100000,2003,6000,1,1,0,0,,,,,,,,,,,,,,,,,,,,,,,,,,,,2,,,,,
801037,1,2,130000,3,20,180000,2008,9000,1,1,0,0,,,,,,,,,,,,,,,,,,,,,,,,,,,,8,,,,,
801221,2,2,3500,3,10,8000,2005,1560,1,0,0,1,2,,,,,,,,,,,,,,,,,,,,,,,,,,,4,,,,,
801541,1,2,119000,1,25,120000,2007,6000,1,1,0,0,,,,,,,,,,,,,,,,,,,,,,,,,,,,5.75,,,,,
801955,2,2,5500,3,6,15000,2008,3720,1,0,0,1,2,,,,,,,,,,,,,,,,,,,,,,,,,,,8,,,,,
801966,1,2,43000,1,30,110000,2005,9780,2,1,0,0,,,,,,,,,,,,,,,,,,,,,,,,,,,,,7,,,,
802145,1,2,70000,3,28,75000,2009,5000,1,0,0,1,1,,,,,,,,,,,,,,,,,,,,,,,,,,,5.1,,,,,
803509,1,2,100000,3,25,141000,2003,7500,2,1,0,0,,,,,,,,,,,,,,,,,,,,,,,,,,,,,3.05,,,,
804665,1,2,30000,3,15,50000,2004,5000,1,1,0,0,,,,,,,,,,,,,,,,,,,,,,,,,,,,4,,,,,
804825,1,2,96000,3,20,120000,2009,6250,1,1,0,0,,,,,,,,,,,,,,,,,,,,,,,,,,,,5,,,,,
804962,1,2,44000,3,20,75000,2003,5160,2,1,0,0,,2,2,9000,3,8,11000,2010,1800,2,0,0,1,1,,,,,,,,,,,,,,,3,,4,,
805264,2,2,18000,3,10,60000,2004,8000,1,1,0,0,,,,,,,,,,,,,,,,,,,,,,,,,,,,4.5,,,,,
805330,1,2,500,3,10,12000,2003,1200,1,1,0,0,,,,,,,,,,,,,,,,,,,,,,,,,,,,6,,,,,
805524,1,2,16500,3,20,50000,1997,3950,1,1,0,0,,,,,,,,,,,,,,,,,,,,,,,,,,,,3.2,,,,,
805834,1,2,7200,3,15,50000,1999,3600,2,1,0,0,,,,,,,,,,,,,,,,,,,,,,,,,,,,,,,,,
805932,1,2,55000,1,20,82000,2003,4840,2,1,0,0,,,,,,,,,,,,,,,,,,,,,,,,,,,,,3,,,,
806096,2,2,19000,3,10,20000,2011,2400,2,0,0,1,1,,,,,,,,,,,,,,,,,,,,,,,,,,,,3.2,,,,
806537,1,2,220000,3,20,260000,2003,15000,2,1,0,0,,,,,,,,,,,,,,,,,,,,,,,,,,,,,2.02,,,,
806540,1,2,10000,3,15,150000,1998,5000,1,1,0,0,,,,,,,,,,,,,,,,,,,,,,,,,,,,3.5,,,,,
806601,1,2,75000,3,20,110000,2007,6000,1,1,0,0,,,,,,,,,,,,,,,,,,,,,,,,,,,,3.5,,,,,
806983,1,2,130000,3,30,160000,2005,7800,2,1,0,0,,,,,,,,,,,,,,,,,,,,,,,,,,,,,5,,,,
807146,1,2,38000,1,15,78000,2004,3500,2,1,0,0,,,,,,,,,,,,,,,,,,,,,,,,,,,,,4.05,,,,
807674,1,2,110000,3,25,160000,2002,9600,1,1,0,0,,,,,,,,,,,,,,,,,,,,,,,,,,,,5.25,,,,,
809448,2,2,30000,3,10,35000,2011,4800,2,1,0,0,,,,,,,,,,,,,,,,,,,,,,,,,,,,,2.01,,,,
809488,1,2,130000,3,30,148000,2006,7200,2,1,0,0,,,,,,,,,,,,,,,,,,,,,,,,,,,,,4.05,,,,
809825,1,2,20000,3,15,70000,2001,3960,1,1,0,0,,,,,,,,,,,,,,,,,,,,,,,,,,,,7,,,,,
811805,1,2,84000,1,20,110000,2004,7000,2,1,0,0,,,,,,,,,,,,,,,,,,,,,,,,,,,,,3,,,,
811858,1,2,8000,3,10,230000,2003,12000,2,1,0,0,,,,,,,,,,,,,,,,,,,,,,,,,,,,,3,,,,
811904,1,2,22000,3,10,50000,2006,6000,1,1,0,0,,,,,,,,,,,,,,,,,,,,,,,,,,,,4,,,,,
811946,1,2,20000,3,15,100000,2001,5000,1,1,0,0,,,,,,,,,,,,,,,,,,,,,,,,,,,,6.2,,,,,
812794,1,2,45000,3,20,55000,2007,3500,2,1,0,0,,,,,,,,,,,,,,,,,,,,,,,,,,,,,3,,,,
812865,1,2,150000,3,30,180000,2007,4800,1,0,0,1,1,,,,,,,,,,,,,,,,,,,,,,,,,,,7,,,,,
813355,1,2,90000,3,20,160000,2007,9600,1,1,0,0,,,,,,,,,,,,,,,,,,,,,,,,,,,,4.5,,,,,
813513,1,2,30800,3,10,50000,2010,7680,2,1,0,0,,,,,,,,,,,,,,,,,,,,,,,,,,,,,9,,,,
813888,1,1,85000,3,25,155000,2005,5500,2,0,0,1,2,,,,,,,,,,,,,,,,,,,,,,,,,,,,3.5,,,,
815192,1,2,60000,3,20,100000,2000,9420,1,0,0,1,1,,,,,,,,,,,,,,,,,,,,,,,,,,,6.05,,,,,
816220,1,2,40000,2,25,40000,2011,3000,2,1,0,0,,,,,,,,,,,,,,,,,,,,,,,,,,,,,9,,,,
816433,1,2,85000,3,25,100000,2003,6000,3,0,0,1,1,,,,,,,,,,,,,,,,,,,,,,,,,,,,,,,,
816847,2,2,6000,3,13,75000,2000,8000,1,1,0,0,,,,,,,,,,,,,,,,,,,,,,,,,,,,4,,,,,
817169,1,2,15000,3,15,100000,2001,2000,2,0,0,1,1,,,,,,,,,,,,,,,,,,,,,,,,,,,,,,,,
817249,1,2,70000,3,15,100000,2007,8200,2,1,0,0,,,,,,,,,,,,,,,,,,,,,,,,,,,,,3.5,,,,
817402,1,2,80000,3,25,110000,2000,8300,1,1,0,0,,,,,,,,,,,,,,,,,,,,,,,,,,,,5,,,,,
817534,1,2,22000,3,15,100000,2002,1200,1,0,0,1,1,,,,,,,,,,,,,,,,,,,,,,,,,,,7.5,,,,,
817567,1,2,60000,3,20,129000,2001,8400,2,1,0,0,,,,,,,,,,,,,,,,,,,,,,,,,,,,,0.23,,,,
817905,1,2,89000,3,25,100000,2007,7600,1,1,0,0,,,,,,,,,,,,,,,,,,,,,,,,,,,,9,,,,,
818057,1,2,155000,3,30,200000,2008,7000,1,1,0,0,,,,,,,,,,,,,,,,,,,,,,,,,,,,6,,,,,
818245,1,2,3000,3,30,70000,1984,3000,1,0,0,1,2,,,,,,,,,,,,,,,,,,,,,,,,,,,6,,,,,
818398,1,2,100000,3,25,160000,2003,8400,1,1,0,0,,,,,,,,,,,,,,,,,,,,,,,,,,,,4.5,,,,,
818768,2,2,9320,3,10,45000,2004,5200,2,1,0,0,,,,,,,,,,,,,,,,,,,,,,,,,,,,,2.5,,,,
818857,1,2,15000,3,15,20000,2007,1300,2,0,0,1,1,,,,,,,,,,,,,,,,,,,,,,,,,,,,,,,,
818869,1,2,3000,3,15,75000,1998,7000,2,1,0,0,,,,,,,,,,,,,,,,,,,,,,,,,,,,,0.86,,,,
819197,2,2,70000,3,20,150000,2002,8000,2,1,0,0,,,,,,,,,,,,,,,,,,,,,,,,,,,,,2,,,,
819258,2,2,16000,3,15,120000,2001,6500,2,1,0,0,,,,,,,,,,,,,,,,,,,,,,,,,,,,,3.5,,,,
819453,2,2,31000,3,10,46000,2010,5250,2,1,0,0,,,,,,,,,,,,,,,,,,,,,,,,,,,,,3.01,,,,
819575,1,2,240000,3,30,250000,2011,12000,2,1,0,0,,,,,,,,,,,,,,,,,,,,,,,,,,,,,3,,,,
819750,1,2,98000,3,21,160000,2009,6500,2,1,0,0,,,,,,,,,,,,,,,,,,,,,,,,,,,,,1.5,,,,
820054,1,2,60000,3,15,125000,2003,11000,2,1,0,0,,,,,,,,,,,,,,,,,,,,,,,,,,,,,5,,,,
820966,1,2,62000,3,15,100000,2007,6900,1,1,0,0,,,,,,,,,,,,,,,,,,,,,,,,,,,,4.05,,,,,
821841,1,2,57000,3,15,82000,2002,6000,1,1,0,0,,,,,,,,,,,,,,,,,,,,,,,,,,,,6,,,,,
822119,1,2,135000,1,30,135000,2012,2400,1,1,0,0,,,,,,,,,,,,,,,,,,,,,,,,,,,,4,,,,,
822191,1,2,60000,3,20,110000,2002,6480,2,1,0,0,,,,,,,,,,,,,,,,,,,,,,,,,,,,,4,,,,
822536,1,2,70000,3,20,100000,2003,4440,1,1,0,0,,,,,,,,,,,,,,,,,,,,,,,,,,,,4,,,,,
823327,1,2,111000,3,25,120000,2010,9600,2,1,0,0,,,,,,,,,,,,,,,,,,,,,,,,,,,,,2.07,,,,
824196,1,2,287000,3,20,320000,2010,20000,1,1,0,0,,,,,,,,,,,,,,,,,,,,,,,,,,,,3,,,,,
824344,1,2,22000,3,15,62000,2002,5200,2,1,0,0,,,,,,,,,,,,,,,,,,,,,,,,,,,,,4.25,,,,
824718,1,2,80000,3,20,80000,2006,5540,1,1,0,0,,,,,,,,,,,,,,,,,,,,,,,,,,,,5.4,,,,,
824808,1,2,66000,3,18,100000,2004,7200,2,0,0,1,1,,,,,,,,,,,,,,,,,,,,,,,,,,,,3.05,,,,
825040,1,2,98000,1,28,150000,2004,7800,1,1,0,0,,,,,,,,,,,,,,,,,,,,,,,,,,,,4,,,,,
825189,1,2,145000,3,30,160000,2007,7200,2,1,0,0,,2,2,5000,3,6,14000,2009,2450,1,0,0,1,1,,,,,,,,,,,,,,,5,6,,,
826118,1,2,80000,3,25,100000,2006,5500,2,1,0,0,,,,,,,,,,,,,,,,,,,,,,,,,,,,,1.3,,,,
826744,1,2,110000,3,25,208000,2004,7200,2,1,0,0,,,,,,,,,,,,,,,,,,,,,,,,,,,,,4,,,,
826892,1,2,65000,3,20,90000,2004,5800,1,0,0,1,1,,,,,,,,,,,,,,,,,,,,,,,,,,,6,,,,,
827146,3,2,10000,3,4,12000,2011,3200,3,0,0,1,1,,,,,,,,,,,,,,,,,,,,,,,,,,,,,,,,
827188,1,2,5000,3,35,13000,1982,1000,1,1,0,0,,,,,,,,,,,,,,,,,,,,,,,,,,,,7.78,,,,,
827436,1,1,185000,3,30,188000,2005,9000,2,1,0,0,,,,,,,,,,,,,,,,,,,,,,,,,,,,,1.5,,,,
827457,2,2,14000,3,15,50000,2000,4200,2,1,0,0,,,,,,,,,,,,,,,,,,,,,,,,,,,,,4,,,,
851172,1,1,200000,3,20,230000,2005,13000,2,1,0,0,,,,,,,,,,,,,,,,,,,,,,,,,,,,,5,,,,
851176,2,2,60000,3,10,80000,2009,10000,1,1,0,0,,2,2,20000,3,10,30000,2009,5000,1,1,0,0,,,,,,,,,,,,,,,5,,5,,,
851392,2,2,60000,3,15,120000,2002,9600,2,1,0,0,,,,,,,,,,,,,,,,,,,,,,,,,,,,,8,,,,
851863,2,2,100000,1,20,150000,2009,7800,1,1,0,0,,,,,,,,,,,,,,,,,,,,,,,,,,,,5,,,,,
851937,2,2,30000,3,15,65000,2005,5200,2,1,0,0,,,,,,,,,,,,,,,,,,,,,,,,,,,,,2,,,,
851989,1,2,125000,1,30,140000,2005,9600,1,1,0,0,,,,,,,,,,,,,,,,,,,,,,,,,,,,6,,,,,
852070,2,2,56000,3,15,75000,2007,7800,1,1,0,0,,,,,,,,,,,,,,,,,,,,,,,,,,,,5,,,,,
852110,1,2,90000,3,30,105000,2006,5400,2,1,0,0,,,,,,,,,,,,,,,,,,,,,,,,,,,,,4,,,,
852173,1,2,5000,3,10,65000,2004,8400,1,1,0,0,,,,,,,,,,,,,,,,,,,,,,,,,,,,4.5,,,,,
852391,2,2,14000,3,15,35000,2001,3600,1,0,0,1,1,,,,,,,,,,,,,,,,,,,,,,,,,,,5,,,,,
852410,1,2,84000,3,30,90000,2005,1600,2,1,0,0,,,,,,,,,,,,,,,,,,,,,,,,,,,,,4,,,,
852573,1,2,20000,3,20,45000,1999,4000,2,1,0,0,,,,,,,,,,,,,,,,,,,,,,,,,,,,,2,,,,
852673,1,2,50000,3,20,64000,1999,6200,2,1,0,0,,,,,,,,,,,,,,,,,,,,,,,,,,,,,5.2,,,,
852773,1,2,35000,3,15,200000,2001,12000,2,0,1,0,,,,,,,,,,,,,,,,,,,,,,,,,,,,,2.5,,,,
853765,1,2,83000,3,30,93000,2007,4560,2,1,0,0,,,,,,,,,,,,,,,,,,,,,,,,,,,,,2.3,,,,
853796,2,2,8000,3,3,20000,2009,4080,1,0,0,1,1,,,,,,,,,,,,,,,,,,,,,,,,,,,5,,,,,
854081,1,2,80000,3,25,100000,2001,6380,2,1,0,0,,,,,,,,,,,,,,,,,,,,,,,,,,,,,,,,,
854112,1,1,190000,3,20,190000,2010,12000,2,1,0,0,,,,,,,,,,,,,,,,,,,,,,,,,,,,,7,,,,
854242,1,2,120000,3,30,150000,2009,6600,2,1,0,0,,,,,,,,,,,,,,,,,,,,,,,,,,,,,3,,,,
854428,1,2,70000,3,10,90000,2008,6840,2,1,0,0,,,,,,,,,,,,,,,,,,,,,,,,,,,,,4.5,,,,
854559,1,2,60000,3,10,80000,2008,7200,3,1,0,0,,,,,,,,,,,,,,,,,,,,,,,,,,,,,,,,,
854694,1,2,50000,3,15,60000,2009,5040,1,1,0,0,,,,,,,,,,,,,,,,,,,,,,,,,,,,4.8,,,,,
854926,2,2,6000,3,5,20000,2010,1350,1,0,0,1,2,,,,,,,,,,,,,,,,,,,,,,,,,,,4,,,,,
855526,2,3,16400,3,15,50000,2001,3900,1,1,0,0,,,,,,,,,,,,,,,,,,,,,,,,,,,,9.09,,,,,
855780,1,2,78000,3,30,85000,2008,3600,2,1,0,0,,,,,,,,,,,,,,,,,,,,,,,,,,,,,7,,,,
855790,2,2,43000,3,15,45000,2011,5000,1,1,0,0,,,,,,,,,,,,,,,,,,,,,,,,,,,,4,,,,,
855839,1,2,130000,3,25,170000,2004,8930,2,1,0,0,,,,,,,,,,,,,,,,,,,,,,,,,,,,,1.08,,,,
856378,2,2,3000,3,5,5000,2011,1600,2,0,0,1,1,,,,,,,,,,,,,,,,,,,,,,,,,,,,4,,,,
856388,1,2,50000,3,20,90000,2001,7200,2,1,0,0,,,,,,,,,,,,,,,,,,,,,,,,,,,,,6,,,,
856583,1,2,50000,3,20,60000,2006,5088,1,0,0,1,1,,,,,,,,,,,,,,,,,,,,,,,,,,,4.99,,,,,
856661,1,2,145000,3,30,160000,2005,11800,1,1,0,0,,,,,,,,,,,,,,,,,,,,,,,,,,,,4,,,,,
856688,1,2,938,3,15,51640,1997,5628,1,1,0,0,,,,,,,,,,,,,,,,,,,,,,,,,,,,6.9,,,,,
856742,1,2,47000,3,20,70000,2003,4500,2,1,0,0,,,,,,,,,,,,,,,,,,,,,,,,,,,,,3,,,,
856840,1,2,163000,3,25,175000,2005,9900,2,1,0,0,,,,,,,,,,,,,,,,,,,,,,,,,,,,,3.2,,,,
856941,1,2,3500,3,15,60000,1997,7000,2,1,0,0,,,,,,,,,,,,,,,,,,,,,,,,,,,,,4.05,,,,
857107,1,2,70000,1,20,70000,2012,3000,2,1,0,0,,,,,,,,,,,,,,,,,,,,,,,,,,,,,4.5,,,,
857353,2,1,50000,3,25,75000,2000,5400,2,1,0,0,,,,,,,,,,,,,,,,,,,,,,,,,,,,,10,,,,
857514,2,2,30000,3,7,30000,2008,6000,1,1,0,0,,,,,,,,,,,,,,,,,,,,,,,,,,,,7,,,,,
857654,1,2,93800,3,25,110000,2005,4150,1,1,0,0,,1,2,6688,3,10,36000,2005,3650,1,0,0,1,2,,,,,,,,,,,,,,2.45,,2,,,
857857,1,2,35000,3,25,62000,2003,4000,1,1,0,0,,,,,,,,,,,,,,,,,,,,,,,,,,,,3.5,,,,,
858352,1,2,80000,3,15,80000,2012,3200,2,1,0,0,,,,,,,,,,,,,,,,,,,,,,,,,,,,,4.3,,,,
859008,2,2,50000,3,20,130000,2004,4800,1,1,0,0,,,,,,,,,,,,,,,,,,,,,,,,,,,,5,,,,,
859085,1,2,22000,3,15,60000,2002,5600,2,1,0,0,,,,,,,,,,,,,,,,,,,,,,,,,,,,,2.07,,,,
859200,1,2,100000,3,15,130000,2008,8400,2,1,0,0,,,,,,,,,,,,,,,,,,,,,,,,,,,,,3.02,,,,
859261,1,2,50000,3,25,125000,1999,4000,1,0,0,1,1,,,,,,,,,,,,,,,,,,,,,,,,,,,4,,,,,
859282,1,2,100000,3,25,130000,2005,7200,1,1,0,0,,,,,,,,,,,,,,,,,,,,,,,,,,,,2,,,,,
859286,1,2,70000,3,25,92000,1999,5500,1,1,0,0,,,,,,,,,,,,,,,,,,,,,,,,,,,,4,,,,,
859426,1,2,52000,3,30,67000,2000,4800,2,1,0,0,,,,,,,,,,,,,,,,,,,,,,,,,,,,,7,,,,
859459,2,2,40000,3,15,70000,2007,7200,1,1,0,0,,,,,,,,,,,,,,,,,,,,,,,,,,,,5.25,,,,,
859501,1,2,77000,1,20,90000,2009,5400,2,0,0,1,1,,,,,,,,,,,,,,,,,,,,,,,,,,,,4.5,,,,
859507,1,2,80000,3,25,100000,2004,5200,2,0,0,1,1,,,,,,,,,,,,,,,,,,,,,,,,,,,,3.25,,,,
860042,1,2,250000,3,20,450000,2004,30000,2,1,0,0,,,,,,,,,,,,,,,,,,,,,,,,,,,,,4,,,,
860059,1,2,100000,3,25,132000,2003,10000,1,1,0,0,,,,,,,,,,,,,,,,,,,,,,,,,,,,5,,,,,
860127,1,2,110000,3,25,150000,2007,6500,2,1,0,0,,,,,,,,,,,,,,,,,,,,,,,,,,,,,0.56,,,,
860167,1,2,70000,3,20,108000,2003,8400,2,1,0,0,,,,,,,,,,,,,,,,,,,,,,,,,,,,,3,,,,
860573,1,2,800,3,15,110000,1998,500,2,1,0,0,,,,,,,,,,,,,,,,,,,,,,,,,,,,,2.7,,,,
860833,3,2,30000,3,15,50000,2004,4200,1,0,0,1,1,,,,,,,,,,,,,,,,,,,,,,,,,,,7,,,,,
860977,1,2,20000,1,20,20000,1997,2000,1,1,0,0,,,,,,,,,,,,,,,,,,,,,,,,,,,,3.5,,,,,
861114,2,1,25000,3,25,50000,1999,4000,2,1,0,0,,,,,,,,,,,,,,,,,,,,,,,,,,,,,1.81,,,,
861165,1,2,9000,3,25,105000,2008,8000,2,1,0,0,,,,,,,,,,,,,,,,,,,,,,,,,,,,,5,,,,
861281,1,2,6592,3,18,95000,1997,4049,1,1,0,0,,,,,,,,,,,,,,,,,,,,,,,,,,,,4,,,,,
861858,1,2,94000,3,25,100000,2011,6000,2,1,0,0,,,,,,,,,,,,,,,,,,,,,,,,,,,,,4.5,,,,
861949,2,2,65000,3,10,80000,2011,9600,2,1,0,0,,,,,,,,,,,,,,,,,,,,,,,,,,,,,5,,,,
862264,1,2,30000,3,20,50000,2007,20000,1,1,0,0,,,,,,,,,,,,,,,,,,,,,,,,,,,,5.8,,,,,
862303,1,2,63000,3,20,64000,2012,500,1,1,0,0,,,,,,,,,,,,,,,,,,,,,,,,,,,,7,,,,,
862531,1,2,9000,3,15,35000,2000,3000,2,1,0,0,,,,,,,,,,,,,,,,,,,,,,,,,,,,,2.5,,,,
862590,1,2,60000,1,10,80000,2011,7000,2,1,0,0,,,,,,,,,,,,,,,,,,,,,,,,,,,,,3.5,,,,
862617,1,2,40000,1,15,120000,2004,8400,2,1,0,0,,,,,,,,,,,,,,,,,,,,,,,,,,,,,3.5,,,,
862827,1,2,30000,1,15,50000,2000,8500,2,1,0,0,,,,,,,,,,,,,,,,,,,,,,,,,,,,,2.5,,,,
862968,2,2,70000,3,20,85000,2010,7000,1,1,0,0,,,,,,,,,,,,,,,,,,,,,,,,,,,,5.5,,,,,
863191,2,2,2000,3,15,65000,1998,9000,2,0,0,1,1,,,,,,,,,,,,,,,,,,,,,,,,,,,,3,,,,
863291,2,2,28300,3,5,30000,2012,1820,2,0,0,1,1,,,,,,,,,,,,,,,,,,,,,,,,,,,,1,,,,
863543,1,2,180000,3,30,180000,2012,1750,1,1,0,0,,,,,,,,,,,,,,,,,,,,,,,,,,,,1,,,,,
863684,2,2,1200,3,3,3500,2011,1200,1,0,0,1,1,,,,,,,,,,,,,,,,,,,,,,,,,,,5,,,,,
863692,1,2,80000,3,20,120000,2003,11500,1,1,0,0,,,,,,,,,,,,,,,,,,,,,,,,,,,,5.5,,,,,
863867,1,2,120000,3,30,120000,2010,6000,2,1,0,0,,,,,,,,,,,,,,,,,,,,,,,,,,,,,4.8,,,,
864120,2,2,30000,3,20,40000,2006,3700,1,1,0,0,,,,,,,,,,,,,,,,,,,,,,,,,,,,5.3,,,,,
864213,1,2,26000,3,20,110000,2000,3600,1,1,0,0,,,,,,,,,,,,,,,,,,,,,,,,,,,,3.5,,,,,
864409,1,2,356800,3,30,400000,2010,14400,1,1,0,0,,,,,,,,,,,,,,,,,,,,,,,,,,,,5.7,,,,,
864456,1,2,264000,3,15,300000,2009,12000,1,1,0,0,,,,,,,,,,,,,,,,,,,,,,,,,,,,5.5,,,,,
864457,1,2,201000,3,30,252000,2006,8400,1,1,0,0,,,,,,,,,,,,,,,,,,,,,,,,,,,,5,,,,,
864474,1,2,35000,3,20,40000,2008,3600,1,1,0,0,,,,,,,,,,,,,,,,,,,,,,,,,,,,4.7,,,,,
864809,2,2,5000,1,25,25000,1988,2500,1,1,0,0,,,,,,,,,,,,,,,,,,,,,,,,,,,,2.5,,,,,
864875,1,2,10000,3,20,70000,1997,5000,2,1,0,0,,,,,,,,,,,,,,,,,,,,,,,,,,,,,5.75,,,,
865032,1,2,120000,3,30,130000,2006,6420,2,1,0,0,,,,,,,,,,,,,,,,,,,,,,,,,,,,,5,,,,
865142,1,1,150000,3,30,150000,2009,9600,1,1,0,0,,,,,,,,,,,,,,,,,,,,,,,,,,,,5.25,,,,,
865575,1,2,105000,3,18,130000,2008,8748,2,1,0,0,,,,,,,,,,,,,,,,,,,,,,,,,,,,,2.15,,,,
865937,1,2,27000,3,15,75000,2002,6750,1,1,0,0,,,,,,,,,,,,,,,,,,,,,,,,,,,,2.5,,,,,
865983,1,2,60000,3,20,70000,2009,6000,1,0,0,1,1,,,,,,,,,,,,,,,,,,,,,,,,,,,,,,,,
866055,1,2,95000,3,20,100000,2012,5000,1,1,0,0,,,,,,,,,,,,,,,,,,,,,,,,,,,,6,,,,,
866059,2,2,50000,3,25,64000,2008,4500,1,1,0,0,,,,,,,,,,,,,,,,,,,,,,,,,,,,5.7,,,,,
866071,1,2,21000,3,20,50000,1997,3600,2,1,0,0,,,,,,,,,,,,,,,,,,,,,,,,,,,,,0.75,,,,
866269,1,2,50000,3,20,90000,2000,5200,1,1,0,0,,,,,,,,,,,,,,,,,,,,,,,,,,,,4,,,,,
866527,1,2,100000,1,25,130000,2004,3000,2,1,0,0,,,,,,,,,,,,,,,,,,,,,,,,,,,,,2.5,,,,
866606,1,2,135000,1,30,135000,2009,7200,1,1,0,0,,,,,,,,,,,,,,,,,,,,,,,,,,,,4,,,,,
866829,1,2,110000,3,27,145000,2002,6000,2,1,0,0,,,,,,,,,,,,,,,,,,,,,,,,,,,,,8.5,,,,
866855,1,2,9000,3,15,80000,2000,4000,2,1,0,0,,,,,,,,,,,,,,,,,,,,,,,,,,,,,10.1,,,,
867192,1,2,160000,1,20,180000,2006,13400,1,1,0,0,,,,,,,,,,,,,,,,,,,,,,,,,,,,4.6,,,,,
867205,1,2,35000,3,15,90000,2001,8400,2,1,0,0,,,,,,,,,,,,,,,,,,,,,,,,,,,,,3,,,,
867216,1,2,43000,3,15,61000,2002,5400,2,1,0,0,,,,,,,,,,,,,,,,,,,,,,,,,,,,,4,,,,
867247,3,2,100000,3,25,150000,2009,8500,2,1,0,0,,,,,,,,,,,,,,,,,,,,,,,,,,,,,5.03,,,,
867382,1,2,100000,3,25,100000,2009,6360,1,0,0,1,1,,,,,,,,,,,,,,,,,,,,,,,,,,,5.25,,,,,
867838,1,2,123000,3,20,150000,2009,8500,2,1,0,0,,,,,,,,,,,,,,,,,,,,,,,,,,,,,0.04,,,,
867929,2,2,122000,3,17,153000,2005,8500,2,1,0,0,,,,,,,,,,,,,,,,,,,,,,,,,,,,,2.5,,,,
867965,1,2,60000,3,15,70000,2006,3840,1,1,0,0,,,,,,,,,,,,,,,,,,,,,,,,,,,,4,,,,,
867969,1,2,65000,3,20,90000,2004,4800,2,1,0,0,,,,,,,,,,,,,,,,,,,,,,,,,,,,,1.08,,,,
868098,1,2,100000,3,25,150000,2006,5200,2,1,0,0,,,,,,,,,,,,,,,,,,,,,,,,,,,,,2,,,,
868117,1,2,118000,3,25,140000,2005,6500,2,1,0,0,,,,,,,,,,,,,,,,,,,,,,,,,,,,,3.05,,,,
868234,1,1,40000,3,30,100000,2006,6000,1,1,0,0,,,,,,,,,,,,,,,,,,,,,,,,,,,,6,,,,,
868264,1,2,32000,3,15,66000,2004,5748,1,1,0,0,,,,,,,,,,,,,,,,,,,,,,,,,,,,4.8,,,,,
868283,2,1,67600,3,30,69000,2011,3000,2,1,0,0,,,,,,,,,,,,,,,,,,,,,,,,,,,,,5,,,,
868381,1,2,115000,3,30,130000,2008,6500,1,1,0,0,,1,2,45000,3,10,64000,2008,7000,2,0,0,1,1,,,,,,,,,,,,,,3,,,1.05,,
868406,1,2,120000,3,25,140000,2007,7200,2,1,0,0,,,,,,,,,,,,,,,,,,,,,,,,,,,,,5.03,,,,
868463,2,2,25000,3,10,30000,2011,5500,1,1,0,0,,,,,,,,,,,,,,,,,,,,,,,,,,,,6.5,,,,,
868466,1,2,20000,3,15,80000,2000,5500,1,1,0,0,,,,,,,,,,,,,,,,,,,,,,,,,,,,4.25,,,,,
868762,1,2,60000,3,15,75000,2008,6000,1,1,0,0,,,,,,,,,,,,,,,,,,,,,,,,,,,,3.5,,,,,
869003,1,2,87000,3,40,90000,2009,4400,1,1,0,0,,,,,,,,,,,,,,,,,,,,,,,,,,,,4.5,,,,,
869023,1,2,44000,3,10,51000,2010,6312,1,1,0,0,,,,,,,,,,,,,,,,,,,,,,,,,,,,4.04,,,,,
869028,1,2,120000,3,30,130000,2010,6600,2,1,0,0,,,,,,,,,,,,,,,,,,,,,,,,,,,,,1,,,,
869033,1,2,38000,3,20,75000,2008,3700,1,1,0,0,,,,,,,,,,,,,,,,,,,,,,,,,,,,3.5,,,,,
869043,1,2,20000,3,20,50000,2008,1500,1,0,0,1,1,,,,,,,,,,,,,,,,,,,,,,,,,,,,,,,,
871353,1,2,90000,3,20,200000,2008,6000,1,0,1,0,,,,,,,,,,,,,,,,,,,,,,,,,,,,6.07,,,,,
871367,1,2,45000,3,20,73000,2002,6700,1,1,0,0,,,,,,,,,,,,,,,,,,,,,,,,,,,,6.05,,,,,
871666,1,1,1000,3,15,110000,1997,7000,2,1,0,0,,,,,,,,,,,,,,,,,,,,,,,,,,,,,7,,,,
871733,1,2,65000,3,20,100000,2001,7500,2,1,0,0,,,,,,,,,,,,,,,,,,,,,,,,,,,,,2.5,,,,
871798,1,2,90000,1,30,100000,2008,5000,2,1,0,0,,,,,,,,,,,,,,,,,,,,,,,,,,,,,5,,,,
871912,1,2,66000,1,19,105000,2007,9000,1,1,0,0,,,,,,,,,,,,,,,,,,,,,,,,,,,,5,,,,,
872012,1,2,180000,1,30,190000,2009,10000,1,1,0,0,,,,,,,,,,,,,,,,,,,,,,,,,,,,4,,,,,
872077,1,1,55000,3,15,90000,2006,8400,2,1,0,0,,,,,,,,,,,,,,,,,,,,,,,,,,,,,1.36,,,,
872082,1,2,70000,3,20,100000,2005,6000,2,1,0,0,,,,,,,,,,,,,,,,,,,,,,,,,,,,,9,,,,
872119,1,2,30000,3,25,55000,2002,4800,1,1,0,0,,,,,,,,,,,,,,,,,,,,,,,,,,,,4.5,,,,,
872257,2,2,75000,3,15,110000,2004,9000,2,1,0,0,,,,,,,,,,,,,,,,,,,,,,,,,,,,,4.5,,,,
872263,1,2,10000,3,10,26000,2005,3100,1,1,0,0,,,,,,,,,,,,,,,,,,,,,,,,,,,,4,,,,,
872433,1,3,35000,3,20,90000,1998,5000,2,1,0,0,,,,,,,,,,,,,,,,,,,,,,,,,,,,,5.4,,,,
872572,1,2,60000,3,15,120000,2004,5200,2,1,0,0,,,,,,,,,,,,,,,,,,,,,,,,,,,,,,,,,
872600,1,2,42000,1,20,200000,1999,5000,2,1,0,0,,,,,,,,,,,,,,,,,,,,,,,,,,,,,3,,,,
872626,1,2,50000,3,15,70000,2008,6700,1,0,0,1,1,,,,,,,,,,,,,,,,,,,,,,,,,,,5,,,,,
872713,1,1,2000,1,35,50000,1980,1200,1,0,0,1,1,,,,,,,,,,,,,,,,,,,,,,,,,,,4,,,,,
872855,1,2,113000,3,20,120000,2011,6000,1,1,0,0,,,,,,,,,,,,,,,,,,,,,,,,,,,,4.04,,,,,
873135,1,2,80000,3,20,170000,2004,10000,2,0,0,1,1,,,,,,,,,,,,,,,,,,,,,,,,,,,,4,,,,
873158,1,2,180000,3,20,180000,2010,6000,1,0,0,1,1,,,,,,,,,,,,,,,,,,,,,,,,,,,7,,,,,
873229,1,2,4000,3,30,50000,1982,4000,1,1,0,0,,,,,,,,,,,,,,,,,,,,,,,,,,,,4,,,,,
873401,1,2,80000,3,30,80000,1999,4800,1,1,0,0,,,,,,,,,,,,,,,,,,,,,,,,,,,,4.5,,,,,
873505,1,2,50000,3,12,65000,2008,6000,2,1,0,0,,,,,,,,,,,,,,,,,,,,,,,,,,,,,2.05,,,,
873562,2,2,54000,3,20,80000,1999,6000,1,1,0,0,,,,,,,,,,,,,,,,,,,,,,,,,,,,5,,,,,
873661,2,2,20000,3,20,30000,2003,2000,1,1,0,0,,,,,,,,,,,,,,,,,,,,,,,,,,,,4,,,,,
873674,1,2,95000,3,20,100000,2007,8300,1,1,0,0,,,,,,,,,,,,,,,,,,,,,,,,,,,,4,,,,,
873741,1,2,2000,3,15,50000,1997,4200,1,1,0,0,,,,,,,,,,,,,,,,,,,,,,,,,,,,3.5,,,,,
873751,1,2,15000,3,20,50000,1998,2800,2,1,0,0,,,,,,,,,,,,,,,,,,,,,,,,,,,,,5.5,,,,
873763,1,2,9600,3,10,50000,2004,6600,2,1,0,0,,,,,,,,,,,,,,,,,,,,,,,,,,,,,3.6,,,,
873767,1,2,19000,3,15,67000,2000,6000,2,1,0,0,,,,,,,,,,,,,,,,,,,,,,,,,,,,,4,,,,
873960,1,1,100000,3,20,120000,2005,9000,1,1,0,0,,,,,,,,,,,,,,,,,,,,,,,,,,,,4.05,,,,,
874027,1,2,150000,1,30,170000,2007,8300,2,1,0,0,,,,,,,,,,,,,,,,,,,,,,,,,,,,,4.5,,,,
874041,1,2,90000,3,30,145000,2006,6000,2,1,0,0,,,,,,,,,,,,,,,,,,,,,,,,,,,,,2.08,,,,
874074,1,2,120000,3,35,147000,2004,6000,1,1,0,0,,2,2,15000,3,8,15000,2011,3000,1,0,0,1,1,,,,,,,,,,,,,,3,,8,,,
874116,1,2,90000,3,20,115000,2007,8000,1,1,0,0,,,,,,,,,,,,,,,,,,,,,,,,,,,,5.4,,,,,
874347,1,2,23000,3,20,45000,2000,2940,2,1,0,0,,,,,,,,,,,,,,,,,,,,,,,,,,,,,3.2,,,,
874359,1,2,95000,3,25,100000,2011,5040,2,1,0,0,,1,2,22000,3,10,35000,2011,3600,3,0,0,1,2,,,,,,,,,,,,,,,3.2,,,,
874375,1,2,100000,3,10,120000,2009,12000,2,1,0,0,,,,,,,,,,,,,,,,,,,,,,,,,,,,,4.5,,,,
874381,2,2,13000,3,8,15000,2012,2000,1,1,0,0,,,,,,,,,,,,,,,,,,,,,,,,,,,,4.5,,,,,
874517,2,2,45000,3,10,80000,2008,10300,1,1,0,0,,,,,,,,,,,,,,,,,,,,,,,,,,,,4.5,,,,,
874532,1,2,90000,3,25,100000,2005,9000,1,1,0,0,,,,,,,,,,,,,,,,,,,,,,,,,,,,5.3,,,,,
874556,1,2,78000,3,30,95000,2005,4000,2,1,0,0,,,,,,,,,,,,,,,,,,,,,,,,,,,,,4.45,,,,
874684,1,2,20000,3,15,50000,2001,6000,1,1,0,0,,,,,,,,,,,,,,,,,,,,,,,,,,,,2,,,,,
874693,1,2,12000,3,15,26000,2002,2600,1,1,0,0,,,,,,,,,,,,,,,,,,,,,,,,,,,,3,,,,,
874705,1,2,40000,3,10,77000,2005,7200,1,1,0,0,,,,,,,,,,,,,,,,,,,,,,,,,,,,5,,,,,
874715,2,2,14500,3,10,50000,2004,6000,2,1,0,0,,,,,,,,,,,,,,,,,,,,,,,,,,,,,4,,,,
874756,1,2,36000,1,15,36000,2003,1000,1,0,0,1,1,,,,,,,,,,,,,,,,,,,,,,,,,,,2.02,,,,,
874877,2,3,4000,3,10,50000,2002,4000,2,1,0,0,,,,,,,,,,,,,,,,,,,,,,,,,,,,,4,,,,
874942,1,2,150000,1,30,150000,2009,6600,2,0,0,1,2,,,,,,,,,,,,,,,,,,,,,,,,,,,,3,,,,
875095,1,2,19000,3,15,90000,2005,6350,1,1,0,0,,,,,,,,,,,,,,,,,,,,,,,,,,,,6.05,,,,,
875096,1,2,18000,3,15,90000,2001,6000,1,1,0,0,,,,,,,,,,,,,,,,,,,,,,,,,,,,4.8,,,,,
875139,1,2,100000,3,25,110000,2003,6000,2,1,0,0,,,,,,,,,,,,,,,,,,,,,,,,,,,,,4,,,,
875214,1,1,230000,1,30,230000,2005,10800,2,1,0,0,,,,,,,,,,,,,,,,,,,,,,,,,,,,,6,,,,
875217,1,1,150000,3,20,160000,2010,11000,1,1,0,0,,,,,,,,,,,,,,,,,,,,,,,,,,,,13.03,,,,,
875237,1,2,10000,3,18,50000,2000,3500,1,1,0,0,,,,,,,,,,,,,,,,,,,,,,,,,,,,3,,,,,
875287,1,2,33000,3,20,80000,2002,5000,2,1,0,0,,,,,,,,,,,,,,,,,,,,,,,,,,,,,4.02,,,,
875414,1,2,170000,1,20,170000,2007,8400,2,1,0,0,,,,,,,,,,,,,,,,,,,,,,,,,,,,,2,,,,
875426,1,2,100000,3,10,100000,2012,7000,2,1,0,0,,,,,,,,,,,,,,,,,,,,,,,,,,,,,2.06,,,,
875439,1,2,100000,3,20,100000,2008,6000,2,1,0,0,,,,,,,,,,,,,,,,,,,,,,,,,,,,,1.5,,,,
875444,1,2,90000,2,20,170000,2002,8400,2,1,0,0,,,,,,,,,,,,,,,,,,,,,,,,,,,,,2.05,,,,
875508,2,2,58000,3,20,60000,2010,3600,1,1,0,0,,,,,,,,,,,,,,,,,,,,,,,,,,,,5.05,,,,,
875523,2,1,15000,3,6,20000,2010,4000,1,1,0,0,,,,,,,,,,,,,,,,,,,,,,,,,,,,6,,,,,
875542,2,2,45000,3,15,150000,2002,8500,2,1,0,0,,,,,,,,,,,,,,,,,,,,,,,,,,,,,6.8,,,,
875569,2,2,30000,3,20,100000,1998,5500,2,1,0,0,,,,,,,,,,,,,,,,,,,,,,,,,,,,,4,,,,
875634,1,2,78000,3,15,100000,2008,8500,2,1,0,0,,,,,,,,,,,,,,,,,,,,,,,,,,,,,3.5,,,,
875675,1,2,149000,3,30,150000,2011,6720,2,1,0,0,,,,,,,,,,,,,,,,,,,,,,,,,,,,,4.5,,,,
875687,2,1,75000,3,25,85000,2008,6540,1,1,0,0,,,,,,,,,,,,,,,,,,,,,,,,,,,,5.25,,,,,
875817,1,2,100000,3,20,125000,2005,4600,2,1,0,0,,,,,,,,,,,,,,,,,,,,,,,,,,,,,2,,,,
875830,1,2,80000,1,25,130000,2002,7200,2,1,0,0,,,,,,,,,,,,,,,,,,,,,,,,,,,,,2,,,,
875851,1,2,50000,3,15,80000,2003,6500,2,1,0,0,,,,,,,,,,,,,,,,,,,,,,,,,,,,,3.02,,,,
875999,1,2,154000,3,30,165000,2009,10700,1,1,0,0,,,,,,,,,,,,,,,,,,,,,,,,,,,,4.8,,,,,
876000,1,2,19000,3,20,130000,2003,1900,2,1,0,0,,,,,,,,,,,,,,,,,,,,,,,,,,,,,7.08,,,,
876007,2,2,130000,3,25,140000,2009,7200,1,1,0,0,,,,,,,,,,,,,,,,,,,,,,,,,,,,2.92,,,,,
876097,1,2,111000,3,21,210000,2006,7500,2,1,0,0,,,,,,,,,,,,,,,,,,,,,,,,,,,,,3.25,,,,
876100,1,1,60000,3,20,70000,2011,4800,2,1,0,0,,,,,,,,,,,,,,,,,,,,,,,,,,,,,3.05,,,,
876152,1,2,60000,3,20,110000,2001,6000,2,1,0,0,,,,,,,,,,,,,,,,,,,,,,,,,,,,,6,,,,
876155,1,2,50000,3,20,85000,2002,7000,1,1,0,0,,,,,,,,,,,,,,,,,,,,,,,,,,,,4.5,,,,,
876175,1,2,70000,3,30,90000,2003,4000,1,1,0,0,,,,,,,,,,,,,,,,,,,,,,,,,,,,4,,,,,
876298,1,2,75000,2,20,85000,2009,7200,1,0,0,1,1,,,,,,,,,,,,,,,,,,,,,,,,,,,7,,,,,
876299,1,2,80000,3,20,150000,1999,6000,1,1,0,0,,,,,,,,,,,,,,,,,,,,,,,,,,,,3,,,,,
876314,1,2,70000,3,10,80000,2010,9600,2,1,1,0,,,,,,,,,,,,,,,,,,,,,,,,,,,,,2.3,,,,
876474,1,2,65000,3,30,75000,2007,3500,2,1,0,0,,,,,,,,,,,,,,,,,,,,,,,,,,,,,4,,,,
876482,1,2,50000,3,30,65000,2004,3600,2,1,0,0,,,,,,,,,,,,,,,,,,,,,,,,,,,,,3.5,,,,
876483,1,2,50000,3,15,75000,2008,7000,1,1,0,0,,,,,,,,,,,,,,,,,,,,,,,,,,,,4.5,,,,,
876487,1,2,100000,3,20,200000,2003,12000,2,1,0,0,,,,,,,,,,,,,,,,,,,,,,,,,,,,,4.5,,,,
876581,2,2,190000,3,20,240000,2002,10000,1,1,0,0,,,,,,,,,,,,,,,,,,,,,,,,,,,,2,,,,,
876694,1,2,76000,3,20,80000,2008,8000,2,1,0,0,,,,,,,,,,,,,,,,,,,,,,,,,,,,,3.75,,,,
876705,1,2,6500,3,35,35000,1979,3600,2,1,0,0,,,,,,,,,,,,,,,,,,,,,,,,,,,,,5.5,,,,
876799,1,2,90000,3,20,100000,2002,7600,1,1,0,0,,,,,,,,,,,,,,,,,,,,,,,,,,,,4,,,,,
876811,1,2,95000,3,25,100000,2008,7900,2,1,0,0,,,,,,,,,,,,,,,,,,,,,,,,,,,,,4.85,,,,
876815,1,2,37000,3,11,150000,2006,10440,2,1,0,0,,,,,,,,,,,,,,,,,,,,,,,,,,,,,1.08,,,,
877059,2,2,3000,3,15,30000,1998,3000,2,1,0,0,,,,,,,,,,,,,,,,,,,,,,,,,,,,,4.06,,,,
877065,1,2,59000,3,15,155000,2002,12500,2,1,0,0,,,,,,,,,,,,,,,,,,,,,,,,,,,,,1.53,,,,
877098,1,2,146000,3,30,180000,2005,7900,2,1,0,0,,,,,,,,,,,,,,,,,,,,,,,,,,,,,0.75,,,,
877116,1,2,23000,3,15,115000,2000,7680,2,1,0,0,,,,,,,,,,,,,,,,,,,,,,,,,,,,,4.8,,,,
877119,1,2,110000,3,25,150000,2003,8100,1,1,0,0,,,,,,,,,,,,,,,,,,,,,,,,,,,,2.9,,,,,
877138,1,2,48200,3,20,100000,1998,7320,2,1,0,0,,2,2,20000,3,10,25000,2010,3656,1,0,0,1,2,,,,,,,,,,,,,,,3,5,,,
877145,1,2,28000,1,15,100000,1999,10600,1,1,0,0,,,,,,,,,,,,,,,,,,,,,,,,,,,,5.75,,,,,
877233,1,2,4042,3,15,75000,1997,8084,1,1,0,0,,,,,,,,,,,,,,,,,,,,,,,,,,,,6.1,,,,,
877240,1,2,38000,3,10,50000,2009,6324,1,1,0,0,,,,,,,,,,,,,,,,,,,,,,,,,,,,4.85,,,,,
877241,2,1,190000,3,25,220000,2010,13200,2,1,0,0,,,,,,,,,,,,,,,,,,,,,,,,,,,,,4.02,,,,
877288,2,1,14000,3,5,30000,2010,6000,1,0,0,1,1,2,1,35000,3,5,35000,2011,9960,1,0,0,1,1,,,,,,,,,,,,,,6.2,,7.98,,,
877307,1,2,76000,3,10,100000,2010,10700,2,1,0,0,,,,,,,,,,,,,,,,,,,,,,,,,,,,,2.63,,,,
877365,1,2,20000,3,12,80000,2005,7000,1,1,0,0,,,,,,,,,,,,,,,,,,,,,,,,,,,,3,,,,,
877377,1,2,65000,3,10,130000,2007,16800,2,1,0,0,,,,,,,,,,,,,,,,,,,,,,,,,,,,,4,,,,
877497,1,2,20000,3,10,60000,2005,7300,1,1,0,0,,,,,,,,,,,,,,,,,,,,,,,,,,,,5,,,,,
877615,1,2,70000,1,25,100000,2006,6400,1,1,0,0,,,,,,,,,,,,,,,,,,,,,,,,,,,,3,,,,,
877704,1,2,48000,3,13,90000,2003,9700,1,1,0,0,,,,,,,,,,,,,,,,,,,,,,,,,,,,3.65,,,,,
877713,2,2,80000,3,20,130000,2008,9000,2,1,0,0,,,,,,,,,,,,,,,,,,,,,,,,,,,,,6,,,,
877798,1,2,65000,3,15,80000,2009,6000,2,1,0,0,,,,,,,,,,,,,,,,,,,,,,,,,,,,,2.06,,,,
877833,1,2,65000,3,25,65000,2012,2435,1,1,0,0,,,,,,,,,,,,,,,,,,,,,,,,,,,,4,,,,,
877902,1,2,20000,3,12,130000,2002,14000,1,1,0,0,,,,,,,,,,,,,,,,,,,,,,,,,,,,3.75,,,,,
877909,1,2,15000,3,10,30000,2005,3300,1,0,0,1,2,2,2,5000,3,5,6000,2012,1800,1,0,0,1,1,,,,,,,,,,,,,,3.5,,4.2,,,
877948,2,1,211000,3,26,250000,2009,13200,2,1,0,0,,,,,,,,,,,,,,,,,,,,,,,,,,,,,2.5,,,,
878036,1,2,76000,3,15,200000,2006,8400,1,1,0,0,,,,,,,,,,,,,,,,,,,,,,,,,,,,4.75,,,,,
878101,1,2,98000,3,30,185000,2009,6600,1,1,0,0,,,,,,,,,,,,,,,,,,,,,,,,,,,,4.09,,,,,
878103,1,2,122000,1,30,130000,2008,3120,1,1,0,0,,,,,,,,,,,,,,,,,,,,,,,,,,,,5,,,,,
878105,1,2,46000,3,25,100000,2004,5000,1,1,0,0,,,,,,,,,,,,,,,,,,,,,,,,,,,,3.5,,,,,
878157,1,2,7500,3,15,60000,2000,5200,2,1,0,0,,,,,,,,,,,,,,,,,,,,,,,,,,,,,4,,,,
878169,1,2,49200,2,20,50000,2005,6000,2,1,0,0,,,,,,,,,,,,,,,,,,,,,,,,,,,,,4,,,,
878201,1,2,52600,3,20,85000,2006,5400,1,1,1,0,,,,,,,,,,,,,,,,,,,,,,,,,,,,4,,,,,
878341,1,2,87000,1,30,105000,2004,2800,2,1,0,0,,,,,,,,,,,,,,,,,,,,,,,,,,,,,4.07,,,,
878475,1,2,109500,3,15,118000,2010,6360,2,1,0,0,,,,,,,,,,,,,,,,,,,,,,,,,,,,,7.5,,,,
878501,1,2,10000,1,15,50000,2000,4200,1,1,0,0,,,,,,,,,,,,,,,,,,,,,,,,,,,,4.5,,,,,
878502,1,2,4000,1,13,50000,2000,4000,1,1,0,0,,,,,,,,,,,,,,,,,,,,,,,,,,,,4,,,,,
878524,1,2,8000,3,15,45000,2009,1200,2,1,0,0,,,,,,,,,,,,,,,,,,,,,,,,,,,,,6,,,,
878563,3,3,60000,3,25,120000,2000,6000,1,1,0,0,,,,,,,,,,,,,,,,,,,,,,,,,,,,4,,,,,
878660,1,2,35000,1,20,50000,2008,4800,1,1,0,0,,,,,,,,,,,,,,,,,,,,,,,,,,,,,,,,,
878811,1,2,10000,3,10,75000,2006,3000,2,1,0,0,,,,,,,,,,,,,,,,,,,,,,,,,,,,,1.04,,,,
878831,1,2,85500,3,20,120000,2005,3887,2,1,0,0,,,,,,,,,,,,,,,,,,,,,,,,,,,,,1.05,,,,
878838,1,2,100000,1,30,120000,2005,6000,2,1,0,0,,,,,,,,,,,,,,,,,,,,,,,,,,,,,4,,,,
878934,1,2,212000,3,25,250000,2006,17700,2,1,0,0,,,,,,,,,,,,,,,,,,,,,,,,,,,,,6.05,,,,
878942,1,2,42000,3,20,190000,1998,7000,1,1,0,0,,,,,,,,,,,,,,,,,,,,,,,,,,,,4,,,,,
878945,2,2,69000,3,15,70000,2012,1000,2,1,0,0,,,,,,,,,,,,,,,,,,,,,,,,,,,,,3.55,,,,
878953,1,2,21000,3,15,52000,2001,5000,1,1,0,0,,,,,,,,,,,,,,,,,,,,,,,,,,,,3.05,,,,,
878956,1,2,106000,3,30,170000,2008,9156,1,1,0,0,,,,,,,,,,,,,,,,,,,,,,,,,,,,5.95,,,,,
879095,1,2,60000,3,25,100000,2003,7200,1,1,0,0,,,,,,,,,,,,,,,,,,,,,,,,,,,,4.05,,,,,
879152,2,2,60000,3,20,90000,2004,5500,2,0,0,1,1,,,,,,,,,,,,,,,,,,,,,,,,,,,,2,,,,
879257,1,2,121000,3,25,150000,2007,7200,2,1,0,0,,,,,,,,,,,,,,,,,,,,,,,,,,,,,3.8,,,,
879319,1,2,191000,3,35,214000,2010,9600,2,1,0,0,,,,,,,,,,,,,,,,,,,,,,,,,,,,,2.75,,,,
879405,1,2,18000,1,15,35000,2003,3600,1,1,0,0,,,,,,,,,,,,,,,,,,,,,,,,,,,,7.5,,,,,
879441,1,2,120000,1,30,130000,2005,7000,2,1,0,0,,,,,,,,,,,,,,,,,,,,,,,,,,,,,5.5,,,,
879449,1,2,38000,3,20,74000,2000,5700,2,1,0,0,,,,,,,,,,,,,,,,,,,,,,,,,,,,,2.09,,,,
879452,1,2,69000,1,30,79000,2006,3600,2,1,0,0,,,,,,,,,,,,,,,,,,,,,,,,,,,,,3,,,,
879454,1,2,140000,3,30,170000,2006,9000,2,1,0,0,,,,,,,,,,,,,,,,,,,,,,,,,,,,,7,,,,
879458,1,2,75000,3,25,107000,2007,7800,1,1,0,0,,,,,,,,,,,,,,,,,,,,,,,,,,,,6.5,,,,,
879484,1,2,32000,3,10,100000,2005,12000,1,1,0,0,,,,,,,,,,,,,,,,,,,,,,,,,,,,4.2,,,,,
879490,2,2,16000,3,7,50000,2007,6000,2,0,0,1,1,,,,,,,,,,,,,,,,,,,,,,,,,,,,3,,,,
879492,2,2,5000,3,3,5000,2012,2000,1,0,0,1,1,,,,,,,,,,,,,,,,,,,,,,,,,,,6,,,,,
879622,1,1,72000,3,20,90000,2008,6500,2,1,0,0,,,,,,,,,,,,,,,,,,,,,,,,,,,,,2.05,,,,
879638,1,2,342000,3,20,400000,2008,33000,1,1,0,0,,,,,,,,,,,,,,,,,,,,,,,,,,,,5.47,,,,,
879658,1,2,57000,3,25,65000,2007,5000,1,1,0,0,,,,,,,,,,,,,,,,,,,,,,,,,,,,5.87,,,,,
879676,1,2,60000,3,20,125000,2001,8400,2,1,0,0,,,,,,,,,,,,,,,,,,,,,,,,,,,,,2.75,,,,
879692,2,2,2500,3,7,30000,2006,5000,2,0,0,1,1,,,,,,,,,,,,,,,,,,,,,,,,,,,,3,,,,
879710,1,2,100000,3,20,110000,2009,5000,2,1,0,0,,,,,,,,,,,,,,,,,,,,,,,,,,,,,6,,,,
879712,1,2,150000,3,30,160000,2009,10884,1,1,0,0,,,,,,,,,,,,,,,,,,,,,,,,,,,,6,,,,,
879721,1,1,120000,3,20,180000,2003,10800,2,1,0,0,,,,,,,,,,,,,,,,,,,,,,,,,,,,,5,,,,
879723,1,2,5000,3,15,75000,1998,5500,1,0,0,1,1,,,,,,,,,,,,,,,,,,,,,,,,,,,3.4,,,,,
879724,2,2,20000,3,10,50000,2005,5000,2,1,0,0,,,,,,,,,,,,,,,,,,,,,,,,,,,,,5,,,,
879725,1,2,60000,3,15,90000,2007,6000,2,1,0,0,,,,,,,,,,,,,,,,,,,,,,,,,,,,,2.5,,,,
879740,2,1,10000,3,8,11000,2012,1500,1,0,0,1,1,,,,,,,,,,,,,,,,,,,,,,,,,,,4,,,,,
879841,1,2,10000,3,10,100000,2003,6000,2,1,0,0,,,,,,,,,,,,,,,,,,,,,,,,,,,,,3,,,,
879844,1,2,150000,3,20,200000,2007,10800,2,1,0,0,,,,,,,,,,,,,,,,,,,,,,,,,,,,,3.02,,,,
879880,1,2,120000,3,30,150000,2007,8400,2,1,0,0,,,,,,,,,,,,,,,,,,,,,,,,,,,,,2.3,,,,
879919,1,2,17500,3,10,130000,2004,15000,2,1,0,0,,,,,,,,,,,,,,,,,,,,,,,,,,,,,0.05,,,,
879943,2,1,120000,3,35,125000,2010,8400,1,1,0,0,,,,,,,,,,,,,,,,,,,,,,,,,,,,5.85,,,,,
879977,1,2,72000,3,30,85000,2006,4800,2,1,0,0,,,,,,,,,,,,,,,,,,,,,,,,,,,,,3.5,,,,
879982,1,2,68000,3,15,85000,2009,7826,1,0,0,1,1,,,,,,,,,,,,,,,,,,,,,,,,,,,4.08,,,,,
880013,1,2,43000,3,10,130000,2005,15000,2,1,0,0,,,,,,,,,,,,,,,,,,,,,,,,,,,,,1.8,,,,
880020,1,2,40000,3,15,50000,2008,3600,2,0,0,1,1,,,,,,,,,,,,,,,,,,,,,,,,,,,,4,,,,
880033,1,2,67000,3,20,90000,2005,6000,2,1,0,0,,,,,,,,,,,,,,,,,,,,,,,,,,,,,3.05,,,,
880040,1,2,220000,3,30,222000,2000,7200,1,1,0,0,,,,,,,,,,,,,,,,,,,,,,,,,,,,5.05,,,,,
880042,1,2,7800,3,20,110000,1996,7300,2,1,0,0,,,,,,,,,,,,,,,,,,,,,,,,,,,,,,,,,
880066,1,2,60000,3,15,130000,2003,9600,2,1,0,0,,,,,,,,,,,,,,,,,,,,,,,,,,,,,4.05,,,,
880072,1,2,20000,3,15,120000,2000,10000,1,1,0,0,,,,,,,,,,,,,,,,,,,,,,,,,,,,5.3,,,,,
880103,1,2,46700,1,15,60000,2009,3900,2,1,0,0,,,,,,,,,,,,,,,,,,,,,,,,,,,,,5,,,,
880143,1,2,80000,3,30,80000,2012,4000,2,1,0,0,,,,,,,,,,,,,,,,,,,,,,,,,,,,,,,,,
880403,1,2,3600,3,5,40000,2009,1000,1,1,0,0,,,,,,,,,,,,,,,,,,,,,,,,,,,,8,,,,,
880516,2,2,8000,3,6,12000,2010,3000,1,0,0,1,1,,,,,,,,,,,,,,,,,,,,,,,,,,,11,,,,,
880695,1,2,50000,3,25,75000,2005,4300,2,1,0,0,,,,,,,,,,,,,,,,,,,,,,,,,,,,,3.05,,,,
880728,1,2,93000,3,35,96000,2008,6600,1,1,0,0,,,,,,,,,,,,,,,,,,,,,,,,,,,,6.4,,,,,
880840,1,2,60000,3,30,70000,2008,6000,2,1,0,0,,,,,,,,,,,,,,,,,,,,,,,,,,,,,4,,,,
880841,1,2,3000,3,20,80000,1996,4000,1,1,0,0,,,,,,,,,,,,,,,,,,,,,,,,,,,,4,,,,,
880859,1,2,14000,3,20,60000,1996,4800,2,1,0,0,,,,,,,,,,,,,,,,,,,,,,,,,,,,,3.5,,,,
880899,1,2,50000,3,20,100000,2000,3500,2,1,0,0,,,,,,,,,,,,,,,,,,,,,,,,,,,,,5,,,,
880911,1,2,45000,3,15,90000,2002,8500,2,1,0,0,,,,,,,,,,,,,,,,,,,,,,,,,,,,,4,,,,
880912,1,2,175000,3,20,245000,2006,13000,2,1,0,0,,,,,,,,,,,,,,,,,,,,,,,,,,,,,0.08,,,,
881009,1,2,106000,3,20,125000,2003,15000,1,1,0,0,,,,,,,,,,,,,,,,,,,,,,,,,,,,4,,,,,
881022,1,2,80000,3,20,160000,2006,7000,1,1,0,0,,,,,,,,,,,,,,,,,,,,,,,,,,,,3.75,,,,,
881074,1,2,90000,3,25,190000,2008,15000,1,1,0,0,,,,,,,,,,,,,,,,,,,,,,,,,,,,7,,,,,
881087,1,2,52000,3,20,90000,2001,6000,1,1,0,0,,,,,,,,,,,,,,,,,,,,,,,,,,,,3.16,,,,,
881089,1,2,120000,3,25,150000,2001,9500,2,1,0,0,,,,,,,,,,,,,,,,,,,,,,,,,,,,,6,,,,
881293,2,2,20000,3,12,30000,2008,3000,2,1,0,0,,,,,,,,,,,,,,,,,,,,,,,,,,,,,6,,,,
881448,1,2,38000,3,25,57000,2001,3000,2,1,0,0,,,,,,,,,,,,,,,,,,,,,,,,,,,,,4.02,,,,
881452,1,2,20000,3,15,50000,2001,2500,2,1,0,0,,,,,,,,,,,,,,,,,,,,,,,,,,,,,4.5,,,,
881453,1,2,6340,3,15,15000,2000,2700,1,1,0,0,,,,,,,,,,,,,,,,,,,,,,,,,,,,4.2,,,,,
881475,2,2,20000,3,20,40000,2005,3400,2,1,0,0,,,,,,,,,,,,,,,,,,,,,,,,,,,,,1.5,,,,
881477,2,1,51000,3,10,80000,2007,8000,2,1,0,0,,,,,,,,,,,,,,,,,,,,,,,,,,,,,1.74,,,,
881525,1,2,150000,3,35,160000,2011,7200,2,1,0,0,,,,,,,,,,,,,,,,,,,,,,,,,,,,,6.25,,,,
881611,1,2,140000,3,25,160000,2008,7200,1,1,0,0,,,,,,,,,,,,,,,,,,,,,,,,,,,,4.02,,,,,
881621,1,2,148000,3,30,159000,2008,7500,1,1,0,0,,,,,,,,,,,,,,,,,,,,,,,,,,,,3.5,,,,,
881680,3,2,99000,3,20,110000,2008,8400,2,1,0,0,,,,,,,,,,,,,,,,,,,,,,,,,,,,,4.5,,,,
881690,1,2,65000,3,25,80000,2006,3600,1,1,0,0,,,,,,,,,,,,,,,,,,,,,,,,,,,,6,,,,,
881713,1,1,120000,3,20,180000,2007,10000,1,1,0,0,,,,,,,,,,,,,,,,,,,,,,,,,,,,8,,,,,
881839,2,2,100000,1,15,160000,2004,10000,2,1,0,0,,,,,,,,,,,,,,,,,,,,,,,,,,,,,5.05,,,,
881847,1,2,60000,1,20,110000,2003,5500,2,1,0,0,,,,,,,,,,,,,,,,,,,,,,,,,,,,,,,,,
881937,1,2,50000,3,15,60000,2007,6000,2,0,0,1,2,,,,,,,,,,,,,,,,,,,,,,,,,,,,5,,,,
881977,2,1,70000,1,20,70000,2012,5000,1,1,0,0,,,,,,,,,,,,,,,,,,,,,,,,,,,,4.5,,,,,
882019,1,2,155000,3,30,168000,2011,6840,2,1,0,0,,,,,,,,,,,,,,,,,,,,,,,,,,,,,3.04,,,,
882071,1,2,70000,3,20,80000,2003,7050,1,1,0,0,,,,,,,,,,,,,,,,,,,,,,,,,,,,4.5,,,,,
882102,2,1,30000,3,30,60000,2009,1000,2,1,0,0,,,,,,,,,,,,,,,,,,,,,,,,,,,,,4.5,,,,
882104,1,2,10300,3,8,60000,2005,5160,1,1,0,0,,,,,,,,,,,,,,,,,,,,,,,,,,,,10.11,,,,,
882106,1,2,18000,3,10,60000,2005,6000,2,1,0,0,,,,,,,,,,,,,,,,,,,,,,,,,,,,,4.5,,,,
882143,1,1,60000,3,25,130000,1998,6000,2,1,0,0,,,,,,,,,,,,,,,,,,,,,,,,,,,,,3,,,,
882259,1,2,6500,3,15,24000,2003,1296,2,1,0,0,,,,,,,,,,,,,,,,,,,,,,,,,,,,,3,,,,
882315,1,2,186000,3,30,200000,2010,8000,2,1,0,0,,,,,,,,,,,,,,,,,,,,,,,,,,,,,4.5,,,,
882367,1,2,199000,3,30,200000,2012,2700,2,1,0,0,,,,,,,,,,,,,,,,,,,,,,,,,,,,,4,,,,
882535,1,2,160000,3,25,200000,2007,10000,1,1,0,0,,1,2,90000,3,20,135000,2007,10000,1,0,1,0,,,,,,,,,,,,,,,5.05,,5.5,,,
882618,1,2,100000,3,25,124000,2006,5184,2,0,0,1,1,,,,,,,,,,,,,,,,,,,,,,,,,,,,,,,,
882675,1,2,90000,3,20,120000,2008,7200,2,1,0,0,,,,,,,,,,,,,,,,,,,,,,,,,,,,,4,,,,
882687,1,2,110000,3,30,130000,2007,3600,2,1,0,0,,,,,,,,,,,,,,,,,,,,,,,,,,,,,4,,,,
882722,1,2,75000,3,20,75000,2007,5000,1,1,0,0,,,,,,,,,,,,,,,,,,,,,,,,,,,,,,,,,
882918,1,2,133000,3,30,140000,2011,6800,1,1,0,0,,,,,,,,,,,,,,,,,,,,,,,,,,,,,,,,,
882921,1,2,5000,3,15,50000,1999,4500,2,1,0,0,,,,,,,,,,,,,,,,,,,,,,,,,,,,,6,,,,
882927,2,2,65000,3,20,80000,2004,5600,1,1,0,0,,,,,,,,,,,,,,,,,,,,,,,,,,,,3,,,,,
882939,1,2,500,3,15,35000,2000,3600,1,1,0,0,,,,,,,,,,,,,,,,,,,,,,,,,,,,,,,,,
883110,3,2,2500,3,3,3000,2012,1500,1,0,0,1,1,,,,,,,,,,,,,,,,,,,,,,,,,,,4,,,,,
883131,1,2,110000,3,25,130000,2003,6000,1,1,0,0,,,,,,,,,,,,,,,,,,,,,,,,,,,,5.5,,,,,
883198,1,2,198000,3,30,215000,2010,10000,2,1,0,0,,,,,,,,,,,,,,,,,,,,,,,,,,,,,4,,,,
883231,1,2,145000,3,30,150000,1999,12000,1,1,0,0,,,,,,,,,,,,,,,,,,,,,,,,,,,,6,,,,,
883244,2,1,65000,3,15,550000,2012,2100,2,1,0,0,,,,,,,,,,,,,,,,,,,,,,,,,,,,,3.8,,,,
883246,2,1,80000,3,25,120000,2008,6000,2,1,0,0,,,,,,,,,,,,,,,,,,,,,,,,,,,,,6,,,,
883272,2,2,20000,3,5,24000,2012,500,1,0,0,1,1,,,,,,,,,,,,,,,,,,,,,,,,,,,4.7,,,,,
883332,1,2,35000,3,20,80000,1998,9000,1,1,0,0,,,,,,,,,,,,,,,,,,,,,,,,,,,,5,,,,,
883356,1,2,42000,1,15,65000,2005,6200,1,1,0,0,,,,,,,,,,,,,,,,,,,,,,,,,,,,5,,,,,
883420,1,2,160000,1,20,180000,2010,10800,2,1,0,0,,,,,,,,,,,,,,,,,,,,,,,,,,,,,3.6,,,,
883500,1,2,60000,3,15,70000,2009,6000,1,1,0,0,,,,,,,,,,,,,,,,,,,,,,,,,,,,5,,,,,
883544,1,2,42000,3,15,50000,2008,4800,1,1,0,0,,,,,,,,,,,,,,,,,,,,,,,,,,,,5,,,,,
883727,1,2,6000,3,10,50000,2004,6000,2,1,0,0,,,,,,,,,,,,,,,,,,,,,,,,,,,,,3.5,,,,
883759,2,1,18000,3,25,25000,1990,9600,1,1,0,0,,,,,,,,,,,,,,,,,,,,,,,,,,,,4,,,,,
883830,1,2,60000,3,20,150000,1999,8000,2,1,0,0,,,,,,,,,,,,,,,,,,,,,,,,,,,,,6,,,,
883872,1,2,40000,3,15,80000,2002,7200,2,1,0,0,,,,,,,,,,,,,,,,,,,,,,,,,,,,,5,,,,
883912,1,2,120000,3,25,130000,2006,7300,2,1,0,0,,,,,,,,,,,,,,,,,,,,,,,,,,,,,4.5,,,,
883915,1,2,92000,3,15,110000,2010,9000,2,1,0,0,,,,,,,,,,,,,,,,,,,,,,,,,,,,,4.5,,,,
883993,2,2,50000,3,20,80000,2002,3500,2,1,0,0,,,,,,,,,,,,,,,,,,,,,,,,,,,,,2,,,,
884122,1,2,10500,3,10,35000,2006,5028,2,1,0,0,,,,,,,,,,,,,,,,,,,,,,,,,,,,,5,,,,
884168,1,2,170000,3,30,180000,2007,10000,2,1,0,0,,,,,,,,,,,,,,,,,,,,,,,,,,,,,5,,,,
884219,1,2,60000,3,20,65000,2011,3600,2,1,0,0,,,,,,,,,,,,,,,,,,,,,,,,,,,,,0.05,,,,
884232,2,2,100000,3,25,110000,2010,2400,2,1,0,0,,,,,,,,,,,,,,,,,,,,,,,,,,,,,1.4,,,,
884517,2,2,70000,3,15,120000,2005,10000,2,1,0,0,,,,,,,,,,,,,,,,,,,,,,,,,,,,,6,,,,
884519,1,2,50000,3,20,80000,2002,6200,1,1,0,0,,,,,,,,,,,,,,,,,,,,,,,,,,,,5,,,,,
884583,3,3,46000,3,25,65000,2002,6000,1,1,0,0,,,,,,,,,,,,,,,,,,,,,,,,,,,,5,,,,,
884607,1,2,141000,3,30,160000,2004,12000,1,1,0,0,,,,,,,,,,,,,,,,,,,,,,,,,,,,6.5,,,,,
884638,1,1,90000,3,20,100000,2000,6000,2,1,0,0,,,,,,,,,,,,,,,,,,,,,,,,,,,,,5,,,,
884678,1,2,7500,3,10,35000,2006,3000,2,1,0,0,,2,2,15000,3,7,16000,2012,3500,1,0,0,1,1,,,,,,,,,,,,,,,3.5,8,,,
884685,1,2,60000,3,12,100000,2006,9500,2,1,0,0,,,,,,,,,,,,,,,,,,,,,,,,,,,,,3.5,,,,
884700,2,2,60000,3,15,80000,2008,6600,1,1,0,0,,,,,,,,,,,,,,,,,,,,,,,,,,,,5.05,,,,,
884718,1,2,80000,1,20,110000,2006,4000,2,1,0,0,,,,,,,,,,,,,,,,,,,,,,,,,,,,,5.05,,,,
884802,1,2,114000,3,25,160000,2006,8520,2,1,0,0,,,,,,,,,,,,,,,,,,,,,,,,,,,,,4,,,,
884879,2,2,13000,3,10,25000,2007,3600,1,1,0,0,,,,,,,,,,,,,,,,,,,,,,,,,,,,,,,,,
884897,1,2,25000,3,20,60000,1998,6000,2,1,0,0,,,,,,,,,,,,,,,,,,,,,,,,,,,,,4.5,,,,
884954,1,2,120000,3,30,150000,2011,7500,2,1,0,0,,,,,,,,,,,,,,,,,,,,,,,,,,,,,1.05,,,,
885014,1,2,27000,2,15,50000,2003,5400,2,1,0,0,,,,,,,,,,,,,,,,,,,,,,,,,,,,,5,,,,
885045,1,2,80000,3,25,91000,2007,6924,1,1,0,0,,,,,,,,,,,,,,,,,,,,,,,,,,,,5.75,,,,,
885109,1,2,130000,3,30,150000,2009,8400,2,1,0,0,,,,,,,,,,,,,,,,,,,,,,,,,,,,,3,,,,
885119,1,2,60000,3,30,70000,2006,3300,2,1,0,0,,,,,,,,,,,,,,,,,,,,,,,,,,,,,3,,,,
885272,1,2,30000,3,20,70000,2002,4500,2,0,0,1,1,,,,,,,,,,,,,,,,,,,,,,,,,,,,4.03,,,,
885353,1,2,10000,1,15,25000,2002,2400,1,1,0,0,,,,,,,,,,,,,,,,,,,,,,,,,,,,3,,,,,
885364,1,2,200000,3,25,225000,2008,14500,1,1,0,0,,,,,,,,,,,,,,,,,,,,,,,,,,,,5.5,,,,,
885501,1,2,122400,1,20,150000,2009,7200,2,1,0,0,,,,,,,,,,,,,,,,,,,,,,,,,,,,,4,,,,
885504,1,2,130000,1,20,130000,2003,7700,1,1,0,0,,1,1,10000,1,15,35000,2003,3000,2,1,0,0,,,,,,,,,,,,,,,3.05,,,3.03,,
885516,1,2,80000,3,25,90000,2009,6000,1,1,0,0,,,,,,,,,,,,,,,,,,,,,,,,,,,,4.9,,,,,
885530,2,1,47000,3,10,65000,2009,6600,1,0,0,1,1,,,,,,,,,,,,,,,,,,,,,,,,,,,3.07,,,,,
885551,1,2,70000,3,20,150000,2005,3500,1,1,0,0,,,,,,,,,,,,,,,,,,,,,,,,,,,,2.3,,,,,
885563,2,1,45000,1,10,50000,2010,8000,2,1,0,0,,,,,,,,,,,,,,,,,,,,,,,,,,,,,2.5,,,,
885623,1,2,45000,3,20,50000,2007,4000,1,1,0,0,,,,,,,,,,,,,,,,,,,,,,,,,,,,5,,,,,
885624,1,2,180000,1,30,200000,2006,10000,2,1,0,0,,,,,,,,,,,,,,,,,,,,,,,,,,,,,3,,,,
885634,1,2,49000,3,20,70000,2003,3000,2,1,0,0,,,,,,,,,,,,,,,,,,,,,,,,,,,,,3.75,,,,
885639,1,2,40000,3,30,50000,2003,3600,2,1,0,0,,,,,,,,,,,,,,,,,,,,,,,,,,,,,3,,,,
885642,1,2,500,3,15,46000,1997,6000,2,1,0,0,,,,,,,,,,,,,,,,,,,,,,,,,,,,,3,,,,
885646,1,1,28000,3,15,150000,2000,15000,1,1,0,0,,,,,,,,,,,,,,,,,,,,,,,,,,,,4,,,,,
885656,1,2,80000,3,25,100000,2009,5400,2,1,0,0,,,,,,,,,,,,,,,,,,,,,,,,,,,,,3.9,,,,
885672,1,3,30000,3,10,90000,2005,10800,1,1,0,0,,,,,,,,,,,,,,,,,,,,,,,,,,,,4.2,,,,,
885835,1,2,60000,3,20,90000,2003,8400,2,1,0,0,,,,,,,,,,,,,,,,,,,,,,,,,,,,,4.5,,,,
885864,2,2,19000,3,7,20340,2011,3600,1,0,0,1,1,,,,,,,,,,,,,,,,,,,,,,,,,,,7,,,,,
885868,1,2,280000,3,30,300000,2008,12000,2,1,0,0,,,,,,,,,,,,,,,,,,,,,,,,,,,,,0.8,,,,
885887,2,2,100000,3,20,115000,2005,7200,1,1,0,0,,,,,,,,,,,,,,,,,,,,,,,,,,,,2.5,,,,,
885902,1,2,138000,1,30,140000,2008,3500,1,1,0,0,,,,,,,,,,,,,,,,,,,,,,,,,,,,4.5,,,,,
885931,1,2,200000,3,20,270000,2007,20000,2,1,0,0,,,,,,,,,,,,,,,,,,,,,,,,,,,,,2.5,,,,
885956,1,2,40000,3,20,65000,2003,4500,2,1,0,0,,,,,,,,,,,,,,,,,,,,,,,,,,,,,3.5,,,,
885977,2,2,9600,3,6,12000,2010,2400,1,1,0,0,,,,,,,,,,,,,,,,,,,,,,,,,,,,5,,,,,
885984,3,2,69000,3,16,105000,2005,10000,1,1,0,0,,2,1,6000,3,5,6000,2012,2000,1,1,0,0,,,,,,,,,,,,,,,5.2,,6.7,,,
886172,2,2,90000,3,30,300000,2000,6000,1,1,0,0,,,,,,,,,,,,,,,,,,,,,,,,,,,,6,,,,,
886174,1,2,15300,3,15,80000,2000,5400,1,1,0,0,,,,,,,,,,,,,,,,,,,,,,,,,,,,2.8,,,,,
886217,1,2,45000,3,20,100000,1999,6500,1,0,0,1,1,,,,,,,,,,,,,,,,,,,,,,,,,,,4,,,,,
886226,1,2,125000,3,30,140000,2005,6000,2,1,0,0,,,,,,,,,,,,,,,,,,,,,,,,,,,,,4.5,,,,
886229,2,2,17000,3,10,60000,2004,6500,2,1,0,0,,,,,,,,,,,,,,,,,,,,,,,,,,,,,4,,,,
886333,2,2,16000,3,6,30000,2010,5000,1,0,0,1,1,,,,,,,,,,,,,,,,,,,,,,,,,,,5,,,,,
886398,1,2,27000,3,10,60000,2006,6000,1,1,0,0,,,,,,,,,,,,,,,,,,,,,,,,,,,,5,,,,,
886721,1,2,2700,3,15,50000,1998,5600,1,1,0,0,,,,,,,,,,,,,,,,,,,,,,,,,,,,7.12,,,,,
886730,1,1,3000,3,20,50000,1994,2500,2,1,0,0,,,,,,,,,,,,,,,,,,,,,,,,,,,,,2,,,,
886788,1,2,150000,1,20,180000,2008,14000,2,1,0,0,,,,,,,,,,,,,,,,,,,,,,,,,,,,,4.5,,,,
886792,1,2,100000,3,30,100000,2007,8500,1,1,0,0,,,,,,,,,,,,,,,,,,,,,,,,,,,,5,,,,,
886884,1,2,173000,3,15,200000,2011,13200,1,1,0,0,,,,,,,,,,,,,,,,,,,,,,,,,,,,4.07,,,,,
886976,1,2,70000,1,20,90000,2008,670,1,0,0,1,1,,,,,,,,,,,,,,,,,,,,,,,,,,,5,,,,,
887189,1,2,2000,3,15,60000,1998,700,1,1,0,0,,,,,,,,,,,,,,,,,,,,,,,,,,,,4.5,,,,,
887236,2,2,50000,3,6,50000,2011,9600,1,1,0,0,,,,,,,,,,,,,,,,,,,,,,,,,,,,4,,,,,
887474,1,2,14000,3,15,58000,2000,6000,1,1,0,0,,,,,,,,,,,,,,,,,,,,,,,,,,,,6.66,,,,,
887519,1,2,200000,3,20,250000,2006,9600,1,1,0,0,,,,,,,,,,,,,,,,,,,,,,,,,,,,4.05,,,,,
887664,2,2,16000,1,15,16000,2007,2040,2,1,0,0,,,,,,,,,,,,,,,,,,,,,,,,,,,,,6,,,,
887684,1,2,103000,3,30,110000,2010,6000,1,1,0,0,,,,,,,,,,,,,,,,,,,,,,,,,,,,3.73,,,,,
887695,1,2,35000,3,15,90000,2000,7800,1,1,0,0,,2,2,10000,3,15,40000,2000,1800,1,1,0,0,,,,,,,,,,,,,,,1.5,,1.5,,,
887701,1,2,115000,1,25,125000,2004,6000,2,1,0,0,,,,,,,,,,,,,,,,,,,,,,,,,,,,,5,,,,
887706,1,2,90000,1,30,120000,2006,3000,1,1,0,0,,,,,,,,,,,,,,,,,,,,,,,,,,,,2,,,,,
887711,1,2,120000,1,30,130000,2006,6000,2,1,0,0,,,,,,,,,,,,,,,,,,,,,,,,,,,,,5,,,,
887722,1,2,100000,3,15,180000,2006,12000,1,1,0,0,,,,,,,,,,,,,,,,,,,,,,,,,,,,6,,,,,
887755,1,2,50000,3,15,50000,2010,4560,1,1,0,0,,,,,,,,,,,,,,,,,,,,,,,,,,,,4.3,,,,,
887762,2,2,26000,1,10,30000,2011,4200,1,1,0,0,,,,,,,,,,,,,,,,,,,,,,,,,,,,4,,,,,
887798,1,2,140000,1,25,160000,2003,11000,1,1,0,0,,,,,,,,,,,,,,,,,,,,,,,,,,,,4,,,,,
887801,2,2,40000,1,10,50000,2008,6800,1,1,0,0,,,,,,,,,,,,,,,,,,,,,,,,,,,,5,,,,,
887863,1,2,150000,3,25,170000,2008,7200,2,1,0,0,,,,,,,,,,,,,,,,,,,,,,,,,,,,,2.05,,,,
887968,2,2,15000,3,6,15000,2012,3000,1,0,0,1,1,,,,,,,,,,,,,,,,,,,,,,,,,,,5.05,,,,,
888455,1,2,10000,3,15,110000,1998,10000,2,1,0,0,,,,,,,,,,,,,,,,,,,,,,,,,,,,,0.75,,,,
888462,1,1,220000,3,25,260000,2009,6000,2,1,0,0,,,,,,,,,,,,,,,,,,,,,,,,,,,,,2,,,,
888517,2,2,32000,3,15,32000,2011,2400,2,0,1,0,,,,,,,,,,,,,,,,,,,,,,,,,,,,,3.2,,,,
888597,1,2,6400,3,15,25000,2000,2400,1,1,0,0,,,,,,,,,,,,,,,,,,,,,,,,,,,,5,,,,,
888672,1,2,30000,3,20,35000,1997,3000,2,0,0,1,1,,,,,,,,,,,,,,,,,,,,,,,,,,,,3,,,,
888687,1,2,42000,3,15,65000,2008,6240,1,1,0,0,,,,,,,,,,,,,,,,,,,,,,,,,,,,5.02,,,,,
888699,1,2,50000,3,25,55000,2011,4000,2,1,0,0,,,,,,,,,,,,,,,,,,,,,,,,,,,,,2.5,,,,
888750,2,2,41760,3,10,69600,2008,6960,1,1,0,0,,,,,,,,,,,,,,,,,,,,,,,,,,,,6,,,,,
888840,1,2,70000,3,25,120000,2003,7200,2,1,0,0,,,,,,,,,,,,,,,,,,,,,,,,,,,,,4.5,,,,
888848,1,2,103000,2,20,110000,2011,7000,2,1,0,0,,,,,,,,,,,,,,,,,,,,,,,,,,,,,3.5,,,,
888933,1,2,38000,3,15,60000,2005,5280,1,1,0,0,,,,,,,,,,,,,,,,,,,,,,,,,,,,5.05,,,,,
888959,2,2,80000,3,20,120000,2008,8500,1,1,0,0,,,,,,,,,,,,,,,,,,,,,,,,,,,,4,,,,,
888987,1,2,100000,1,25,160000,2005,9400,2,0,0,1,1,,,,,,,,,,,,,,,,,,,,,,,,,,,,3.5,,,,
889058,1,2,35000,3,15,100000,2001,9000,2,0,0,1,1,,,,,,,,,,,,,,,,,,,,,,,,,,,,6,,,,
889169,1,1,7000,3,30,160000,1994,2500,2,1,0,0,,,,,,,,,,,,,,,,,,,,,,,,,,,,,1.05,,,,
889175,1,2,90000,3,30,100000,2007,4800,2,1,0,0,,,,,,,,,,,,,,,,,,,,,,,,,,,,,3.05,,,,
889192,2,2,45000,3,20,50000,2008,4250,1,1,0,0,,,,,,,,,,,,,,,,,,,,,,,,,,,,5,,,,,
889228,1,2,100000,3,25,120000,2005,6000,2,1,0,0,,,,,,,,,,,,,,,,,,,,,,,,,,,,,2,,,,
889236,1,2,120000,3,30,140000,2006,6600,2,1,0,0,,,,,,,,,,,,,,,,,,,,,,,,,,,,,3,,,,
889240,1,2,90000,1,30,160000,2007,11800,1,1,0,0,,,,,,,,,,,,,,,,,,,,,,,,,,,,6.02,,,,,
889266,1,2,340000,3,25,400000,2006,16000,2,1,0,0,,,,,,,,,,,,,,,,,,,,,,,,,,,,,1.7,,,,
889367,1,2,80000,3,25,140000,2003,8400,2,1,0,0,,,,,,,,,,,,,,,,,,,,,,,,,,,,,4,,,,
889382,1,1,150000,3,30,170000,2010,6200,2,1,0,0,,,,,,,,,,,,,,,,,,,,,,,,,,,,,1.07,,,,
889392,1,2,70000,3,25,100000,2008,4000,1,1,0,0,,,,,,,,,,,,,,,,,,,,,,,,,,,,3.05,,,,,
889470,1,2,190000,3,20,220000,2007,10000,2,1,0,0,,,,,,,,,,,,,,,,,,,,,,,,,,,,,4.5,,,,
889618,1,2,60000,3,20,80000,2001,3600,2,1,0,0,,,,,,,,,,,,,,,,,,,,,,,,,,,,,5,,,,
889705,1,2,147278,3,30,148000,2012,1944,2,1,0,0,,,,,,,,,,,,,,,,,,,,,,,,,,,,,3.7,,,,
889707,1,2,134000,3,25,150000,2008,6700,1,0,0,1,1,,,,,,,,,,,,,,,,,,,,,,,,,,,3,,,,,
889717,1,2,35000,3,10,40000,2011,5000,2,1,0,0,,,,,,,,,,,,,,,,,,,,,,,,,,,,,4.4,,,,
889722,1,2,35000,3,20,71000,2005,4320,1,1,0,0,,,,,,,,,,,,,,,,,,,,,,,,,,,,3,,,,,
889739,1,2,200000,3,30,230000,2012,9600,2,1,0,0,,,,,,,,,,,,,,,,,,,,,,,,,,,,,4,,,,
889747,1,2,90500,3,30,100000,2011,4800,2,1,0,0,,,,,,,,,,,,,,,,,,,,,,,,,,,,,5,,,,
889748,1,2,120000,3,30,135000,2011,6000,2,1,0,0,,,,,,,,,,,,,,,,,,,,,,,,,,,,,3.8,,,,
