NQUEST,DEBM31,TDEBITA31,TMUTUOAB31,MUTUOIN31,MUTUODU31,TAEG31,DEBGAR31_1,DEBGAR31_2,DEBGAR31_3,DEBGAR31_4,DEBGAR31_5,DEBPERS31,DEBRF31,DEBM32,TDEBITA32,TMUTUOAB32,MUTUOIN32,MUTUODU32,TAEG32,DEBGAR32_1,DEBGAR32_2,DEBGAR32_3,DEBGAR32_4,DEBGAR32_5,DEBPERS32,DEBRF32,DEBM33,TDEBITA33,TMUTUOAB33,MUTUOIN33,MUTUODU33,TAEG33,DEBGAR33_1,DEBGAR33_2,DEBGAR33_3,DEBGAR33_4,DEBGAR33_5,DEBPERS33,DEBRF33,TAEG11,TAEG12,TAEG13
465,1,5000,1000,6000,3,6,0,0,0,1,0,1,2,,,,,,,,,,,,,,,,,,,,,,,,,,,1,,
20297,4,8000,5500,35000,10,,0,0,0,1,0,1,2,,,,,,,,,,,,,,,,,,,,,,,,,,,2,,
20711,1,4500,400,9000,2,3,0,0,0,1,0,1,2,,,,,,,,,,,,,,,,,,,,,,,,,,,1,,
20837,4,31000,8900,40000,5,7,0,0,1,0,0,,2,,,,,,,,,,,,,,,,,,,,,,,,,,,1,,
24194,1,3000,3000,8000,4,,0,0,0,1,0,1,2,,,,,,,,,,,,,,,,,,,,,,,,,,,2,,
24374,1,2100,4800,24000,5,,0,0,0,1,0,1,2,,,,,,,,,,,,,,,,,,,,,,,,,,,2,,
24764,2,2000,240,2000,1,0,0,0,0,1,0,1,2,,,,,,,,,,,,,,,,,,,,,,,,,,,1,,
26163,2,120,1200,1100,1,5,1,0,0,0,0,,2,,,,,,,,,,,,,,,,,,,,,,,,,,,1,,
27155,1,10000,3500,15000,5,,0,0,0,1,0,1,2,,,,,,,,,,,,,,,,,,,,,,,,,,,2,,
29288,1,2100,3660,10000,4,,0,0,0,1,0,1,2,,,,,,,,,,,,,,,,,,,,,,,,,,,2,,
29742,1,26000,6000,30000,7,,1,0,0,0,0,,2,,,,,,,,,,,,,,,,,,,,,,,,,,,2,,
29823,2,4000,3000,5000,2,,1,0,0,0,0,,2,,,,,,,,,,,,,,,,,,,,,,,,,,,2,,
31066,2,10000,238,15000,10,,0,0,0,1,0,2,2,,,,,,,,,,,,,,,,,,,,,,,,,,,2,,
31137,1,1000,2400,5000,2,7,0,0,0,1,0,1,2,,,,,,,,,,,,,,,,,,,,,,,,,,,1,,
31625,1,10100,4400,12000,3,5,1,0,0,0,0,,2,,,,,,,,,,,,,,,,,,,,,,,,,,,1,,
31652,4,45000,10000,60000,6,,0,0,0,1,0,1,2,,,,,,,,,,,,,,,,,,,,,,,,,,,2,,
31695,4,15000,3600,20000,7,,0,0,0,1,0,1,2,1,5000,2400,10000,5,,0,0,0,1,0,1,2,,,,,,,,,,,,,,2,2,
31868,1,4000,1600,6000,4,,1,0,0,0,0,,2,,,,,,,,,,,,,,,,,,,,,,,,,,,2,,
32318,2,800,2200,3000,2,,1,0,0,0,0,,2,,,,,,,,,,,,,,,,,,,,,,,,,,,2,,
33303,1,2500,2500,10000,4,,0,0,0,1,0,1,2,,,,,,,,,,,,,,,,,,,,,,,,,,,2,,
33335,4,20000,3000,22000,5,,0,0,0,1,0,1,2,,,,,,,,,,,,,,,,,,,,,,,,,,,2,,
33336,1,5000,4000,18000,5,,0,0,0,1,0,1,2,,,,,,,,,,,,,,,,,,,,,,,,,,,2,,
33451,2,5000,400,5000,5,0,0,0,0,1,0,1,2,,,,,,,,,,,,,,,,,,,,,,,,,,,1,,
33751,4,12200,3200,14000,5,5,0,0,0,1,0,2,1,,,,,,,,,,,,,,,,,,,,,,,,,,,1,,
34059,1,2500,800,3000,2,0,0,0,0,1,0,1,2,,,,,,,,,,,,,,,,,,,,,,,,,,,1,,
34377,1,3000,2500,10000,5,,1,0,0,0,0,,2,,,,,,,,,,,,,,,,,,,,,,,,,,,2,,
35005,4,2000,1800,5000,3,,0,0,0,1,0,1,2,,,,,,,,,,,,,,,,,,,,,,,,,,,2,,
35032,1,2000,4200,15000,5,,0,0,0,0,1,,2,,,,,,,,,,,,,,,,,,,,,,,,,,,2,,
36120,4,42000,9010,50000,10,4,0,1,0,0,0,,2,1,7500,3000,10000,5,,1,0,0,0,0,,2,,,,,,,,,,,,,,1,2,
36130,1,3000,2400,10000,5,7,0,0,0,1,0,1,2,,,,,,,,,,,,,,,,,,,,,,,,,,,1,,
36250,1,5000,2232,11160,5,,0,0,0,1,0,2,2,,,,,,,,,,,,,,,,,,,,,,,,,,,2,,
36450,1,6000,7000,12000,2,5,1,0,0,0,0,,2,,,,,,,,,,,,,,,,,,,,,,,,,,,1,,
38095,2,890,190,890,1,,1,0,0,0,0,,2,,,,,,,,,,,,,,,,,,,,,,,,,,,2,,
38183,1,600,3600,7000,3,,0,0,0,1,0,1,2,,,,,,,,,,,,,,,,,,,,,,,,,,,2,,
38272,1,5000,1800,7000,7,,1,0,0,0,0,,2,,,,,,,,,,,,,,,,,,,,,,,,,,,2,,
38877,1,3500,2400,4000,3,,1,0,0,0,0,,2,,,,,,,,,,,,,,,,,,,,,,,,,,,2,,
39317,1,1400,1600,2850,2,,1,0,0,0,0,,2,,,,,,,,,,,,,,,,,,,,,,,,,,,2,,
39488,1,5000,2100,7000,3,,1,0,0,0,0,,2,,,,,,,,,,,,,,,,,,,,,,,,,,,2,,
50150,1,2500,1400,6000,5,,1,0,0,0,0,,2,,,,,,,,,,,,,,,,,,,,,,,,,,,2,,
50274,2,200,600,750,1,,1,0,0,0,0,,2,2,300,970,1200,1,,1,0,0,0,0,,2,,,,,,,,,,,,,,2,2,
52505,2,600,600,600,10,0,0,0,0,1,0,1,2,,,,,,,,,,,,,,,,,,,,,,,,,,,1,,
52985,1,6000,4800,20000,4,,1,0,0,0,0,,2,,,,,,,,,,,,,,,,,,,,,,,,,,,2,,
53108,1,9000,3500,12500,4,,0,0,0,1,0,1,2,,,,,,,,,,,,,,,,,,,,,,,,,,,2,,
53552,1,10000,500,10500,4,,0,0,0,1,0,1,2,,,,,,,,,,,,,,,,,,,,,,,,,,,2,,
53666,4,10000,3000,15000,7,,0,0,0,1,0,1,2,,,,,,,,,,,,,,,,,,,,,,,,,,,2,,
55104,1,13000,1000,14000,5,,0,0,0,1,0,1,2,,,,,,,,,,,,,,,,,,,,,,,,,,,2,,
55774,1,8000,3300,11000,4,,0,0,0,1,0,1,2,,,,,,,,,,,,,,,,,,,,,,,,,,,2,,
56251,1,10000,2000,12000,7,,0,0,0,1,0,1,2,,,,,,,,,,,,,,,,,,,,,,,,,,,2,,
56582,1,4000,4000,12000,3,0,0,0,0,1,0,1,2,,,,,,,,,,,,,,,,,,,,,,,,,,,1,,
56603,2,120,600,720,1,,0,0,0,1,0,1,2,,,,,,,,,,,,,,,,,,,,,,,,,,,2,,
56656,2,1820,180,2000,2,,0,0,0,1,0,1,2,,,,,,,,,,,,,,,,,,,,,,,,,,,2,,
57086,2,300,100,400,1,0,1,0,0,0,0,,2,,,,,,,,,,,,,,,,,,,,,,,,,,,1,,
57621,1,5000,2400,10000,7,,1,0,0,0,0,,2,,,,,,,,,,,,,,,,,,,,,,,,,,,2,,
57670,1,8400,1836,13000,7,,0,0,0,1,0,1,2,2,1100,53,1200,2,,0,0,0,1,0,1,2,,,,,,,,,,,,,,2,2,
91074,1,9000,1800,10800,4,,1,0,0,0,0,,2,,,,,,,,,,,,,,,,,,,,,,,,,,,2,,
145007,1,7000,2400,10000,6,8,0,0,0,1,0,1,2,1,5000,2000,10000,6,,0,0,0,1,0,1,2,,,,,,,,,,,,,,1,2,
176068,2,550,600,1340,1,,1,0,0,0,0,,2,,,,,,,,,,,,,,,,,,,,,,,,,,,2,,
178001,4,4500,2400,6000,3,,0,0,0,1,0,1,2,,,,,,,,,,,,,,,,,,,,,,,,,,,2,,
193082,1,3000,1050,4000,4,,0,0,0,1,0,1,2,,,,,,,,,,,,,,,,,,,,,,,,,,,2,,
230003,1,1100,3000,10000,4,,0,0,0,1,0,1,2,3,600,2100,8000,4,7,0,0,0,1,0,1,2,,,,,,,,,,,,,,2,1,
230039,1,1200,2400,7000,4,,0,0,0,1,0,1,2,,,,,,,,,,,,,,,,,,,,,,,,,,,2,,
238055,2,300,700,1500,1,,1,0,0,0,0,,2,,,,,,,,,,,,,,,,,,,,,,,,,,,2,,
256015,1,1100,2592,6000,3,,0,0,0,1,0,1,2,,,,,,,,,,,,,,,,,,,,,,,,,,,2,,
365034,1,13000,2880,15000,4,,1,0,0,0,0,,2,,,,,,,,,,,,,,,,,,,,,,,,,,,2,,
500751,2,1200,1200,2560,2,7,1,0,0,0,0,,2,,,,,,,,,,,,,,,,,,,,,,,,,,,1,,
501068,2,1000,960,3900,5,,1,0,0,0,0,,2,,,,,,,,,,,,,,,,,,,,,,,,,,,2,,
501444,2,700,700,1330,1,6,1,0,0,0,0,,2,,,,,,,,,,,,,,,,,,,,,,,,,,,1,,
501492,2,700,700,2200,4,,0,0,0,1,0,1,2,,,,,,,,,,,,,,,,,,,,,,,,,,,2,,
501777,1,3000,3000,15800,5,7,0,1,0,0,0,,2,,,,,,,,,,,,,,,,,,,,,,,,,,,1,,
503561,1,4000,2000,6000,4,,0,0,0,1,0,1,2,,,,,,,,,,,,,,,,,,,,,,,,,,,2,,
503950,2,96,540,700,1,,0,0,0,1,0,1,2,2,100,100,400,2,,0,0,0,1,0,1,2,,,,,,,,,,,,,,2,2,
504363,1,7642,225,11500,5,6,0,0,0,1,0,1,2,,,,,,,,,,,,,,,,,,,,,,,,,,,1,,
504490,1,12000,4000,14000,6,,0,1,0,0,0,,2,,,,,,,,,,,,,,,,,,,,,,,,,,,2,,
504889,1,1000,7000,10000,2,,0,0,0,1,0,1,2,,,,,,,,,,,,,,,,,,,,,,,,,,,2,,
504921,1,6000,3400,6000,2,0,0,0,0,1,0,1,2,,,,,,,,,,,,,,,,,,,,,,,,,,,1,,
505243,1,2570,1786,5360,3,,0,0,0,1,0,1,2,,,,,,,,,,,,,,,,,,,,,,,,,,,2,,
505334,1,6000,1800,10000,8,,0,0,0,1,0,1,2,,,,,,,,,,,,,,,,,,,,,,,,,,,2,,
505390,1,4000,4200,12000,3,,0,0,0,1,0,1,2,,,,,,,,,,,,,,,,,,,,,,,,,,,2,,
505798,1,15000,4200,18000,5,,1,0,0,0,0,,2,1,30000,5500,35000,5,,1,0,0,0,0,,2,,,,,,,,,,,,,,2,2,
505820,1,10000,1500,15000,5,,1,0,0,0,0,,2,,,,,,,,,,,,,,,,,,,,,,,,,,,2,,
506738,1,5000,2400,8000,4,,1,0,0,0,0,,2,,,,,,,,,,,,,,,,,,,,,,,,,,,2,,
506849,1,5000,2800,9000,5,0,1,0,0,0,0,,2,,,,,,,,,,,,,,,,,,,,,,,,,,,1,,
506889,4,4000,1200,5000,5,,0,0,0,1,0,1,2,,,,,,,,,,,,,,,,,,,,,,,,,,,2,,
506894,1,10000,5000,29000,7,,1,0,0,0,0,,2,,,,,,,,,,,,,,,,,,,,,,,,,,,2,,
507359,1,5600,3120,15000,5,,0,0,0,1,0,1,2,,,,,,,,,,,,,,,,,,,,,,,,,,,2,,
507360,1,10000,7200,25000,3,,0,0,0,1,0,1,2,,,,,,,,,,,,,,,,,,,,,,,,,,,2,,
507419,1,6000,1700,8000,5,0,0,0,0,1,0,1,2,1,6500,2800,8000,3,0,0,0,0,1,0,1,2,1,6000,1400,7000,5,0,0,0,0,1,0,1,2,1,1,1
507541,1,5000,2650,9000,4,6,0,0,0,1,0,1,2,,,,,,,,,,,,,,,,,,,,,,,,,,,1,,
507542,1,3000,1500,9000,5,,0,0,0,1,0,1,2,,,,,,,,,,,,,,,,,,,,,,,,,,,2,,
507544,1,3500,50,3500,1,,0,0,0,1,0,1,2,,,,,,,,,,,,,,,,,,,,,,,,,,,2,,
507547,1,10600,2400,13000,5,*,0,0,0,1,0,1,2,,,,,,,,,,,,,,,,,,,,,,,,,,,1,,
507580,2,780,111,891,2,,0,0,0,1,0,1,2,,,,,,,,,,,,,,,,,,,,,,,,,,,2,,
507644,1,5040,2100,6500,3,,0,0,0,1,0,1,2,,,,,,,,,,,,,,,,,,,,,,,,,,,2,,
507663,1,28000,708,29000,7,7,0,0,0,1,0,1,2,,,,,,,,,,,,,,,,,,,,,,,,,,,1,,
509069,4,7000,2000,15000,10,,0,0,0,1,0,2,2,,,,,,,,,,,,,,,,,,,,,,,,,,,2,,
509074,1,3500,3600,19000,6,6,0,0,0,1,0,1,2,,,,,,,,,,,,,,,,,,,,,,,,,,,1,,
509512,4,46500,5400,52000,15,4,0,1,0,0,0,,2,,,,,,,,,,,,,,,,,,,,,,,,,,,1,,
509516,2,150,400,600,12,,0,0,0,1,0,1,2,,,,,,,,,,,,,,,,,,,,,,,,,,,2,,
509689,4,10000,4000,15000,10,,0,0,0,1,0,1,2,4,8000,2000,10000,10,,0,0,0,1,0,1,2,,,,,,,,,,,,,,2,2,
510239,1,4000,2880,7000,3,,0,0,0,1,0,1,2,,,,,,,,,,,,,,,,,,,,,,,,,,,2,,
510245,4,6000,3480,18000,8,,0,0,0,1,0,1,2,4,4000,2520,9000,8,,0,0,0,1,0,1,2,,,,,,,,,,,,,,2,2,
510433,1,2500,3000,11000,5,7,0,0,0,1,0,1,2,2,2500,600,3000,1,,0,0,0,1,0,1,2,,,,,,,,,,,,,,1,2,
511170,4,7000,4800,15000,5,,0,0,1,0,0,,1,,,,,,,,,,,,,,,,,,,,,,,,,,,2,,
511525,1,4000,2400,10000,5,,0,0,0,1,0,1,2,,,,,,,,,,,,,,,,,,,,,,,,,,,2,,
511624,2,15200,412,16000,4,,0,0,0,1,0,1,2,,,,,,,,,,,,,,,,,,,,,,,,,,,2,,
512517,2,1850,50,1900,3,,0,0,0,1,0,1,2,,,,,,,,,,,,,,,,,,,,,,,,,,,2,,
512784,1,12800,2000,13400,7,8,1,0,0,0,0,,2,2,500,150,650,5,0,0,0,0,1,0,1,2,2,690,50,690,4,0,0,0,0,1,0,1,2,1,1,1
512843,2,2000,1500,2500,3,,0,0,0,1,0,1,2,,,,,,,,,,,,,,,,,,,,,,,,,,,2,,
513131,1,3900,1920,9600,5,8,1,0,0,0,0,,2,,,,,,,,,,,,,,,,,,,,,,,,,,,1,,
613319,1,2000,1200,5000,5,,0,0,0,1,0,1,2,,,,,,,,,,,,,,,,,,,,,,,,,,,2,,
614660,1,5800,2900,10000,4,,0,0,0,0,1,,2,1,2500,1200,3400,3,,0,0,0,0,1,,2,,,,,,,,,,,,,,2,2,
615399,2,1500,125,2000,2,,0,0,0,1,0,1,2,,,,,,,,,,,,,,,,,,,,,,,,,,,2,,
617019,1,3500,2000,6000,2,7,0,1,0,0,0,,2,,,,,,,,,,,,,,,,,,,,,,,,,,,1,,
617436,4,1500,1440,3000,3,,0,0,0,1,0,1,2,,,,,,,,,,,,,,,,,,,,,,,,,,,2,,
618079,1,4800,4800,17500,4,,0,0,0,1,0,1,2,,,,,,,,,,,,,,,,,,,,,,,,,,,2,,
618164,2,50,600,750,1,6,0,0,0,1,0,1,2,,,,,,,,,,,,,,,,,,,,,,,,,,,1,,
622915,1,3000,3000,8000,3,,0,0,0,1,0,1,2,,,,,,,,,,,,,,,,,,,,,,,,,,,2,,
623614,1,3000,3300,7000,2,,1,0,0,0,0,,2,2,1650,600,1650,2,,1,0,0,0,0,,2,,,,,,,,,,,,,,2,2,
624389,2,1300,1300,2450,2,7,1,0,0,0,0,,2,,,,,,,,,,,,,,,,,,,,,,,,,,,1,,
625651,4,11350,1350,11350,2,9,0,0,0,1,0,1,2,,,,,,,,,,,,,,,,,,,,,,,,,,,1,,
626162,1,10000,2300,15000,7,0,1,0,0,0,0,,2,,,,,,,,,,,,,,,,,,,,,,,,,,,1,,
626178,1,4920,1080,6000,3,,0,0,0,0,1,,3,,,,,,,,,,,,,,,,,,,,,,,,,,,2,,
631306,1,3248,2436,10000,5,,0,0,0,1,0,1,2,,,,,,,,,,,,,,,,,,,,,,,,,,,2,,
632021,4,4500,600,5000,3,,0,0,0,1,0,1,2,,,,,,,,,,,,,,,,,,,,,,,,,,,2,,
634442,1,10000,12000,22000,2,,0,0,0,1,0,1,2,,,,,,,,,,,,,,,,,,,,,,,,,,,2,,
636237,2,1000,250,1200,2,,0,0,0,1,0,1,2,,,,,,,,,,,,,,,,,,,,,,,,,,,2,,
636309,2,1500,1650,1500,1,,1,0,0,0,0,,2,,,,,,,,,,,,,,,,,,,,,,,,,,,2,,
636407,2,260,1560,4800,3,,0,0,0,1,0,1,2,,,,,,,,,,,,,,,,,,,,,,,,,,,2,,
636708,1,1800,230,4600,2,7,1,0,0,0,0,,2,,,,,,,,,,,,,,,,,,,,,,,,,,,1,,
636941,2,600,650,1200,1,,1,0,0,0,0,,2,,,,,,,,,,,,,,,,,,,,,,,,,,,2,,
639373,1,12500,840,17000,5,,0,0,0,1,0,1,2,,,,,,,,,,,,,,,,,,,,,,,,,,,2,,
639924,1,6000,2500,10000,5,,1,0,0,0,0,,2,2,300,500,500,2,,1,0,0,0,0,,2,,,,,,,,,,,,,,2,2,
640220,4,10000,4800,30000,10,,0,1,0,0,0,,2,,,,,,,,,,,,,,,,,,,,,,,,,,,2,,
642007,1,6000,2000,6000,4,,0,0,0,1,0,1,2,,,,,,,,,,,,,,,,,,,,,,,,,,,2,,
648759,1,7000,1500,8000,5,,0,0,0,1,0,1,2,,,,,,,,,,,,,,,,,,,,,,,,,,,2,,
648841,2,5800,1200,7000,5,,0,0,0,1,0,1,2,,,,,,,,,,,,,,,,,,,,,,,,,,,2,,
648843,4,790,72,790,1,,0,0,0,1,0,1,2,,,,,,,,,,,,,,,,,,,,,,,,,,,2,,
648889,1,24000,6600,30000,5,,1,0,0,0,0,,2,,,,,,,,,,,,,,,,,,,,,,,,,,,2,,
650023,1,3000,2000,5000,5,,1,0,0,0,0,,2,,,,,,,,,,,,,,,,,,,,,,,,,,,2,,
670599,1,2000,400,2000,2,,0,0,0,1,0,1,2,,,,,,,,,,,,,,,,,,,,,,,,,,,2,,
670668,1,6000,2000,10000,10,2,1,0,0,0,0,,2,,,,,,,,,,,,,,,,,,,,,,,,,,,1,,
670762,2,1200,100,1200,1,*,0,0,0,1,0,1,2,,,,,,,,,,,,,,,,,,,,,,,,,,,1,,
670797,2,600,600,1900,4,7,1,0,0,0,0,,2,,,,,,,,,,,,,,,,,,,,,,,,,,,1,,
671173,2,950,95,950,12,,0,0,0,1,0,1,2,,,,,,,,,,,,,,,,,,,,,,,,,,,2,,
671206,1,1000,3000,10000,4,,0,0,0,1,0,1,2,,,,,,,,,,,,,,,,,,,,,,,,,,,2,,
671362,2,10000,3600,15000,10,,0,0,0,1,0,2,2,,,,,,,,,,,,,,,,,,,,,,,,,,,2,,
671480,1,5000,980,6000,5,,0,0,0,1,0,1,2,,,,,,,,,,,,,,,,,,,,,,,,,,,2,,
671603,2,200,800,1100,1,7,1,0,0,0,0,,2,,,,,,,,,,,,,,,,,,,,,,,,,,,1,,
671635,1,12000,6000,30000,5,,1,0,0,0,0,,2,,,,,,,,,,,,,,,,,,,,,,,,,,,2,,
672949,2,200,1150,1300,1,,1,0,0,0,0,,2,,,,,,,,,,,,,,,,,,,,,,,,,,,2,,
672978,1,960,2880,5000,2,6,1,0,0,0,0,,2,,,,,,,,,,,,,,,,,,,,,,,,,,,1,,
673093,1,630,4000,15000,4,,0,0,0,1,0,1,2,,,,,,,,,,,,,,,,,,,,,,,,,,,2,,
673378,1,3300,3300,6600,2,,1,0,0,0,0,,2,,,,,,,,,,,,,,,,,,,,,,,,,,,2,,
673424,2,100,1000,1000,1,6,1,0,0,0,0,,2,,,,,,,,,,,,,,,,,,,,,,,,,,,1,,
673451,1,20000,3000,23000,7,,0,0,0,1,0,1,2,,,,,,,,,,,,,,,,,,,,,,,,,,,2,,
673452,1,12000,7200,50000,7,,1,0,0,0,0,,2,,,,,,,,,,,,,,,,,,,,,,,,,,,2,,
673657,1,13000,350,15000,5,,0,0,0,1,0,1,2,,,,,,,,,,,,,,,,,,,,,,,,,,,2,,
673812,2,50,450,450,1,7,1,0,0,0,0,,2,,,,,,,,,,,,,,,,,,,,,,,,,,,1,,
674019,1,7000,2600,14000,7,,1,0,0,0,0,,2,1,7000,1800,11000,5,,1,0,0,0,0,,2,1,10000,2000,13000,7,,0,0,0,1,0,1,2,2,2,2
674307,2,1200,1300,2600,2,,0,0,0,1,0,1,2,,,,,,,,,,,,,,,,,,,,,,,,,,,2,,
674320,1,5000,3600,12000,4,,1,0,0,0,0,,2,1,1800,1800,13000,5,,1,0,0,0,0,,2,,,,,,,,,,,,,,2,2,
674354,1,938,804,1541,2,,0,0,0,1,0,1,2,,,,,,,,,,,,,,,,,,,,,,,,,,,2,,
674757,1,6800,1300,8200,7,,1,0,0,0,0,,2,1,6600,2700,11000,5,,1,0,0,0,0,,2,,,,,,,,,,,,,,2,2,
674968,1,6000,3000,11000,4,,0,0,0,1,0,1,2,,,,,,,,,,,,,,,,,,,,,,,,,,,2,,
675132,2,700,700,1300,1,6,1,0,0,0,0,,2,,,,,,,,,,,,,,,,,,,,,,,,,,,1,,
675232,4,17000,920,18000,10,7,0,0,0,1,0,1,2,,,,,,,,,,,,,,,,,,,,,,,,,,,1,,
675265,1,13000,4200,22000,5,,0,0,0,1,0,1,2,,,,,,,,,,,,,,,,,,,,,,,,,,,2,,
675272,1,2500,3600,10000,3,,1,0,0,0,0,,2,,,,,,,,,,,,,,,,,,,,,,,,,,,2,,
675290,1,8000,8600,12500,2,,1,0,0,0,0,,2,,,,,,,,,,,,,,,,,,,,,,,,,,,2,,
675334,1,9000,3600,18000,6,,0,0,0,1,0,2,2,,,,,,,,,,,,,,,,,,,,,,,,,,,2,,
675446,1,380,5000,10000,2,0,0,0,0,1,0,1,2,,,,,,,,,,,,,,,,,,,,,,,,,,,1,,
675542,2,750,880,1700,1,,1,0,0,0,0,,2,,,,,,,,,,,,,,,,,,,,,,,,,,,2,,
675683,1,9000,3000,9000,4,,0,0,0,0,1,,2,,,,,,,,,,,,,,,,,,,,,,,,,,,2,,
675905,1,5000,2640,8000,2,,0,0,0,1,0,1,2,,,,,,,,,,,,,,,,,,,,,,,,,,,2,,
675988,3,300,1800,1800,1,,0,0,0,1,0,1,2,,,,,,,,,,,,,,,,,,,,,,,,,,,2,,
676060,1,5670,810,6480,2,,0,0,0,0,1,,2,,,,,,,,,,,,,,,,,,,,,,,,,,,2,,
676198,4,15000,8400,50000,25,,0,0,0,1,0,1,2,,,,,,,,,,,,,,,,,,,,,,,,,,,2,,
676463,2,100,500,550,1,5,1,0,0,0,0,,2,2,200,600,870,1,5,1,0,0,0,0,,2,,,,,,,,,,,,,,1,1,
676470,2,2400,1200,3600,3,6,0,0,0,1,0,1,2,,,,,,,,,,,,,,,,,,,,,,,,,,,1,,
676844,1,6000,2750,8500,3,6,1,0,0,0,0,,2,2,2000,2000,4000,2,,1,0,0,0,0,,1,,,,,,,,,,,,,,1,2,
676851,4,3000,3600,20000,7,,0,0,0,1,0,1,1,,,,,,,,,,,,,,,,,,,,,,,,,,,2,,
677280,1,1500,2940,10000,4,,0,0,0,1,0,1,2,,,,,,,,,,,,,,,,,,,,,,,,,,,2,,
677896,1,5300,1300,7000,6,7,0,0,0,1,0,1,2,,,,,,,,,,,,,,,,,,,,,,,,,,,1,,
678138,1,7000,3000,8000,4,,0,0,0,1,0,1,2,,,,,,,,,,,,,,,,,,,,,,,,,,,2,,
678160,1,10000,2400,15000,5,,0,0,0,1,0,1,2,,,,,,,,,,,,,,,,,,,,,,,,,,,2,,
678198,2,300,100,1200,1,8,1,0,0,0,0,,2,,,,,,,,,,,,,,,,,,,,,,,,,,,1,,
678255,3,1700,426,17000,5,9,0,1,0,0,0,,1,,,,,,,,,,,,,,,,,,,,,,,,,,,1,,
678264,4,5000,500,5000,2,,0,0,0,1,0,1,2,4,5000,1000,5000,2,,0,0,0,1,0,1,2,,,,,,,,,,,,,,2,2,
678304,3,9000,5400,15000,5,9,0,0,0,1,0,1,2,,,,,,,,,,,,,,,,,,,,,,,,,,,1,,
680257,2,600,750,1400,1,6,1,0,0,0,0,,2,,,,,,,,,,,,,,,,,,,,,,,,,,,1,,
680285,4,3800,1200,5000,5,,0,1,0,0,0,,2,2,3800,1200,5000,5,,0,1,0,0,0,,2,,,,,,,,,,,,,,2,2,
680567,2,600,96,900,1,7,1,0,0,0,0,,2,,,,,,,,,,,,,,,,,,,,,,,,,,,1,,
680651,1,6400,2064,9400,6,,1,0,0,0,0,,2,,,,,,,,,,,,,,,,,,,,,,,,,,,2,,
680732,1,2500,225,5000,2,5,1,0,0,0,0,,2,,,,,,,,,,,,,,,,,,,,,,,,,,,1,,
680870,1,9000,4800,19500,4,,0,0,0,1,0,1,2,,,,,,,,,,,,,,,,,,,,,,,,,,,2,,
681012,1,500,1500,3000,2,,0,0,0,1,0,1,2,,,,,,,,,,,,,,,,,,,,,,,,,,,2,,
681096,3,7200,3600,10000,6,9,0,0,0,1,0,1,2,,,,,,,,,,,,,,,,,,,,,,,,,,,1,,
681268,1,15000,11000,35000,6,*,0,0,0,1,0,1,2,,,,,,,,,,,,,,,,,,,,,,,,,,,1,,
681366,2,800,800,1450,2,6,1,0,0,0,0,,2,,,,,,,,,,,,,,,,,,,,,,,,,,,1,,
681436,1,6000,2400,8000,6,,1,0,0,0,0,,2,,,,,,,,,,,,,,,,,,,,,,,,,,,2,,
681520,2,2200,750,3000,4,,0,0,0,1,0,1,2,2,900,50,900,3,,0,0,0,1,0,1,2,,,,,,,,,,,,,,2,2,
681571,1,1800,220,6000,3,7,0,0,0,1,0,1,2,,,,,,,,,,,,,,,,,,,,,,,,,,,1,,
681713,1,5000,2400,8000,4,,1,0,0,0,0,,2,1,8000,3800,10000,4,,1,0,0,0,0,,2,,,,,,,,,,,,,,2,2,
681822,1,1150,3450,13000,4,,0,0,0,1,0,2,2,,,,,,,,,,,,,,,,,,,,,,,,,,,2,,
681932,1,13200,4000,15000,4,,0,0,0,1,0,1,2,2,300,270,500,2,,0,0,0,1,0,1,2,,,,,,,,,,,,,,2,2,
682121,1,3000,1500,8000,6,7,0,0,0,1,0,1,2,,,,,,,,,,,,,,,,,,,,,,,,,,,1,,
682275,2,600,650,1300,1,,1,0,0,0,0,,2,,,,,,,,,,,,,,,,,,,,,,,,,,,2,,
682298,1,5500,3000,11000,3,7,1,0,0,0,0,,2,2,100,250,460,1,6,0,0,0,1,0,1,2,,,,,,,,,,,,,,1,1,
682491,1,7000,1500,8500,3,1,1,0,0,0,0,,2,,,,,,,,,,,,,,,,,,,,,,,,,,,1,,
682737,4,1500,1500,2500,2,,0,0,0,1,0,1,2,4,500,1000,1800,2,,0,0,0,1,0,1,2,,,,,,,,,,,,,,2,2,
682791,1,2000,1900,10000,3,,1,0,0,0,0,,2,,,,,,,,,,,,,,,,,,,,,,,,,,,2,,
682995,4,15000,2700,30000,15,,0,0,0,1,0,1,2,,,,,,,,,,,,,,,,,,,,,,,,,,,2,,
683033,1,10000,3500,15000,5,,0,0,0,1,0,1,2,4,20000,5000,30000,5,,0,0,0,1,0,1,2,,,,,,,,,,,,,,2,2,
683143,2,4000,1800,4700,2,,0,0,0,1,0,1,2,,,,,,,,,,,,,,,,,,,,,,,,,,,2,,
683164,1,5000,3000,13000,5,6,0,0,0,1,0,1,2,,,,,,,,,,,,,,,,,,,,,,,,,,,1,,
683171,4,16048,272,16320,5,,0,0,0,1,0,2,1,,,,,,,,,,,,,,,,,,,,,,,,,,,2,,
683349,1,15000,3000,19000,10,3,0,0,0,1,0,1,2,1,6000,5500,23000,5,7,0,0,0,1,0,1,2,,,,,,,,,,,,,,1,1,
683358,1,2000,3000,7500,3,,1,0,0,0,0,,2,,,,,,,,,,,,,,,,,,,,,,,,,,,2,,
683472,1,8000,1800,16800,6,5,1,0,0,0,0,,2,2,600,600,620,1,,1,0,0,0,0,,2,,,,,,,,,,,,,,1,2,
683645,1,5000,3600,15000,5,8,0,0,0,1,0,1,2,,,,,,,,,,,,,,,,,,,,,,,,,,,1,,
683660,1,1350,2660,10000,4,,0,0,0,1,0,2,2,2,2300,500,3000,2,,0,0,0,1,0,2,2,,,,,,,,,,,,,,2,2,
683664,1,7000,1680,8000,5,,0,0,0,1,0,1,2,,,,,,,,,,,,,,,,,,,,,,,,,,,2,,
683665,1,6000,3000,10000,4,,0,0,0,1,0,1,2,,,,,,,,,,,,,,,,,,,,,,,,,,,2,,
683707,1,1300,3100,8000,3,0,0,0,0,1,0,1,2,,,,,,,,,,,,,,,,,,,,,,,,,,,1,,
683904,2,600,600,1200,1,6,1,0,0,0,0,,2,,,,,,,,,,,,,,,,,,,,,,,,,,,1,,
684063,2,2500,600,3000,5,0,0,0,0,1,0,1,2,4,18600,3600,24000,10,4,0,0,0,1,0,2,2,,,,,,,,,,,,,,1,1,
684328,1,8000,1380,10000,10,,0,0,0,1,0,1,2,,,,,,,,,,,,,,,,,,,,,,,,,,,2,,
684359,1,7200,3600,15000,5,,0,0,0,1,0,1,2,,,,,,,,,,,,,,,,,,,,,,,,,,,2,,
684608,1,17000,300,27000,5,*,1,0,0,0,0,,2,,,,,,,,,,,,,,,,,,,,,,,,,,,1,,
684885,1,4500,3600,14500,5,,0,0,0,1,0,1,2,,,,,,,,,,,,,,,,,,,,,,,,,,,2,,
685124,1,8000,7200,21000,3,,0,0,0,0,1,,2,,,,,,,,,,,,,,,,,,,,,,,,,,,2,,
685129,4,20000,3600,25000,5,6,0,0,0,1,0,1,1,,,,,,,,,,,,,,,,,,,,,,,,,,,1,,
685149,1,5000,2500,10000,5,9,0,0,0,1,0,1,2,,,,,,,,,,,,,,,,,,,,,,,,,,,1,,
685591,1,1500,1500,3500,5,,0,0,0,0,1,,2,,,,,,,,,,,,,,,,,,,,,,,,,,,2,,
685805,1,3600,1800,9000,5,,1,0,0,0,0,,2,,,,,,,,,,,,,,,,,,,,,,,,,,,2,,
685836,1,8000,4700,10000,5,,1,0,0,0,0,,2,1,3000,3200,7000,5,,1,0,0,0,0,,2,,,,,,,,,,,,,,2,2,
685965,2,500,100,1000,12,,0,0,0,1,0,1,2,,,,,,,,,,,,,,,,,,,,,,,,,,,2,,
686006,1,5000,5000,17000,4,,0,0,0,1,0,1,2,,,,,,,,,,,,,,,,,,,,,,,,,,,2,,
686185,1,10000,4000,23000,4,4,0,0,0,1,0,1,2,,,,,,,,,,,,,,,,,,,,,,,,,,,1,,
686234,1,12000,4200,15000,5,,0,0,0,1,0,1,2,,,,,,,,,,,,,,,,,,,,,,,,,,,2,,
686235,1,7000,2400,9400,4,,0,0,0,1,0,1,2,,,,,,,,,,,,,,,,,,,,,,,,,,,2,,
686397,1,2000,4800,17000,5,,1,0,0,0,0,,2,,,,,,,,,,,,,,,,,,,,,,,,,,,2,,
686423,2,100,50,500,3,,0,0,0,1,0,1,2,,,,,,,,,,,,,,,,,,,,,,,,,,,2,,
686528,4,7400,1600,9000,4,,0,0,0,1,0,1,2,,,,,,,,,,,,,,,,,,,,,,,,,,,2,,
687022,1,7000,3000,14000,7,,1,0,0,0,0,,2,,,,,,,,,,,,,,,,,,,,,,,,,,,2,,
687076,1,12000,5640,15000,3,,0,0,0,1,0,1,2,,,,,,,,,,,,,,,,,,,,,,,,,,,2,,
687321,2,5000,2500,20000,3,,0,0,0,1,0,1,2,,,,,,,,,,,,,,,,,,,,,,,,,,,2,,
687564,2,3300,300,3600,3,,0,0,0,1,0,1,2,2,80,480,560,1,,1,0,0,0,0,,2,,,,,,,,,,,,,,2,2,
687576,1,50,4560,10000,3,8,1,0,0,0,0,,3,4,8000,3912,10000,3,7,0,0,0,1,0,1,3,,,,,,,,,,,,,,1,1,
687953,1,3200,3200,12800,5,,0,0,0,1,0,1,2,1,4300,2150,6000,3,,0,0,0,1,0,1,2,,,,,,,,,,,,,,2,2,
687971,1,10960,2740,11270,5,,0,0,0,0,1,,2,,,,,,,,,,,,,,,,,,,,,,,,,,,2,,
688022,1,400,1700,6800,4,,1,0,0,0,0,,2,,,,,,,,,,,,,,,,,,,,,,,,,,,2,,
688089,1,9000,600,9600,6,0,0,0,0,1,0,1,2,,,,,,,,,,,,,,,,,,,,,,,,,,,1,,
688179,1,2500,3000,10000,5,,1,0,0,0,0,,2,,,,,,,,,,,,,,,,,,,,,,,,,,,2,,
688226,4,15000,3600,250000,6,,0,1,0,0,0,,2,,,,,,,,,,,,,,,,,,,,,,,,,,,2,,
688287,4,8800,1200,10000,5,,0,0,0,1,0,1,2,,,,,,,,,,,,,,,,,,,,,,,,,,,2,,
700531,1,1500,2400,6000,3,,0,0,0,1,0,1,2,,,,,,,,,,,,,,,,,,,,,,,,,,,2,,
701035,1,7000,1800,7000,6,,1,1,1,0,0,,2,,,,,,,,,,,,,,,,,,,,,,,,,,,2,,
702643,1,2000,3000,10000,5,,0,1,0,0,0,,2,,,,,,,,,,,,,,,,,,,,,,,,,,,2,,
702827,1,9000,3000,19000,7,,0,0,0,1,0,1,3,,,,,,,,,,,,,,,,,,,,,,,,,,,2,,
704743,1,4000,4800,15000,4,7,0,0,0,1,0,1,2,4,1600,1640,2880,1,,0,0,0,1,0,1,2,,,,,,,,,,,,,,1,2,
704766,4,1950,450,2000,4,,0,0,0,1,0,1,2,,,,,,,,,,,,,,,,,,,,,,,,,,,2,,
704911,2,2000,2400,6000,3,,0,0,0,1,0,1,2,,,,,,,,,,,,,,,,,,,,,,,,,,,2,,
704927,1,9000,4500,16000,4,,0,0,0,1,0,1,2,,,,,,,,,,,,,,,,,,,,,,,,,,,2,,
706422,1,6000,2400,6000,3,,0,0,0,1,0,1,1,,,,,,,,,,,,,,,,,,,,,,,,,,,2,,
706501,1,10000,2400,10000,5,8,1,0,0,0,0,,2,,,,,,,,,,,,,,,,,,,,,,,,,,,1,,
706629,1,6000,350,8000,36,7,0,0,0,1,0,1,2,,,,,,,,,,,,,,,,,,,,,,,,,,,1,,
706634,1,10000,3600,10000,3,,0,0,0,1,0,1,2,,,,,,,,,,,,,,,,,,,,,,,,,,,2,,
707104,2,116,1300,1400,1,*,0,0,0,1,0,1,2,,,,,,,,,,,,,,,,,,,,,,,,,,,1,,
707307,1,8000,2500,9500,4,,1,0,0,0,0,,2,,,,,,,,,,,,,,,,,,,,,,,,,,,2,,
707523,2,350,300,600,1,6,1,0,0,0,0,,2,,,,,,,,,,,,,,,,,,,,,,,,,,,1,,
707541,2,1250,1300,1400,2,6,1,0,0,0,0,,2,,,,,,,,,,,,,,,,,,,,,,,,,,,1,,
707601,1,10000,3600,15000,4,,0,0,0,1,0,1,2,,,,,,,,,,,,,,,,,,,,,,,,,,,2,,
708521,1,6000,3200,9500,3,,0,0,0,1,0,1,2,,,,,,,,,,,,,,,,,,,,,,,,,,,2,,
709421,4,1600,2100,4000,2,8,0,0,0,1,0,1,2,,,,,,,,,,,,,,,,,,,,,,,,,,,1,,
709442,1,11000,4200,15000,5,,0,0,0,1,0,1,2,,,,,,,,,,,,,,,,,,,,,,,,,,,2,,
710415,2,100,1050,1100,1,9,1,0,0,0,0,,2,,,,,,,,,,,,,,,,,,,,,,,,,,,1,,
710624,1,13000,1000,14000,5,,0,0,0,1,0,1,2,,,,,,,,,,,,,,,,,,,,,,,,,,,2,,
710944,2,1000,400,1800,5,,1,0,0,0,0,,2,,,,,,,,,,,,,,,,,,,,,,,,,,,2,,
711417,2,1200,1200,2400,12,,1,0,0,0,0,,2,,,,,,,,,,,,,,,,,,,,,,,,,,,2,,
711624,1,14000,4500,24000,3,*,0,0,0,1,0,1,2,,,,,,,,,,,,,,,,,,,,,,,,,,,1,,
711719,2,600,550,1200,1,6,1,0,0,0,0,,2,,,,,,,,,,,,,,,,,,,,,,,,,,,1,,
712127,1,9000,1000,10000,5,,0,0,0,1,0,1,2,,,,,,,,,,,,,,,,,,,,,,,,,,,2,,
712132,4,10000,4000,11000,5,,1,0,0,0,0,,2,4,10000,4000,12000,2,,1,0,0,0,0,,2,,,,,,,,,,,,,,2,2,
712823,2,800,1350,1850,1,,0,0,0,1,0,1,2,,,,,,,,,,,,,,,,,,,,,,,,,,,2,,
712869,1,8000,1500,8000,5,,0,0,0,1,0,1,2,,,,,,,,,,,,,,,,,,,,,,,,,,,2,,
713222,2,2000,1200,2500,3,0,0,0,0,1,0,1,2,,,,,,,,,,,,,,,,,,,,,,,,,,,1,,
713247,1,600,3360,10000,4,3,0,0,0,1,0,1,2,,,,,,,,,,,,,,,,,,,,,,,,,,,1,,
713852,1,1000,2400,10000,5,,0,0,0,1,0,2,2,,,,,,,,,,,,,,,,,,,,,,,,,,,2,,
713854,1,9000,2300,10000,8,,0,0,0,0,1,,2,,,,,,,,,,,,,,,,,,,,,,,,,,,2,,
714437,2,3500,3850,9000,3,,0,0,0,1,0,1,2,,,,,,,,,,,,,,,,,,,,,,,,,,,2,,
714475,4,9600,4800,30000,6,,0,0,0,0,1,,2,,,,,,,,,,,,,,,,,,,,,,,,,,,2,,
714538,1,3000,2500,11000,5,,0,0,0,1,0,1,2,,,,,,,,,,,,,,,,,,,,,,,,,,,2,,
714604,2,480,55,530,1,5,0,0,0,0,1,,2,,,,,,,,,,,,,,,,,,,,,,,,,,,1,,
715004,1,6000,1400,8500,7,,0,0,0,1,0,1,2,,,,,,,,,,,,,,,,,,,,,,,,,,,2,,
715027,4,1070,800,1800,1,,0,0,0,1,0,1,2,,,,,,,,,,,,,,,,,,,,,,,,,,,2,,
716937,1,5000,305,13000,5,7,0,0,0,1,0,1,2,,,,,,,,,,,,,,,,,,,,,,,,,,,1,,
717014,1,3600,1200,6000,5,,1,0,0,0,0,,2,,,,,,,,,,,,,,,,,,,,,,,,,,,2,,
717312,4,3000,120,3000,3,,0,0,0,1,0,1,1,,,,,,,,,,,,,,,,,,,,,,,,,,,2,,
717605,2,4500,3000,10000,8,9,0,0,0,1,0,1,2,,,,,,,,,,,,,,,,,,,,,,,,,,,1,,
717865,1,8000,200,9000,4,,0,0,0,1,0,1,2,,,,,,,,,,,,,,,,,,,,,,,,,,,2,,
718674,1,10000,3900,22000,6,6,1,0,0,0,0,,2,1,27000,600,35000,6,6,1,0,0,0,0,,2,,,,,,,,,,,,,,1,1,
718832,2,200,700,850,1,,1,0,0,0,0,,2,,,,,,,,,,,,,,,,,,,,,,,,,,,2,,
719763,1,10000,2520,15000,10,,1,0,0,0,0,,2,,,,,,,,,,,,,,,,,,,,,,,,,,,2,,
720163,4,7000,2500,7000,3,,0,0,0,1,0,1,2,,,,,,,,,,,,,,,,,,,,,,,,,,,2,,
720256,2,100,270,370,1,0,0,0,0,1,0,1,2,,,,,,,,,,,,,,,,,,,,,,,,,,,1,,
720404,4,2000,1860,3100,2,,0,1,0,0,0,,2,4,8000,2100,13000,10,,0,1,0,0,0,,2,,,,,,,,,,,,,,2,2,
720416,2,8000,3600,15000,5,6,0,1,0,0,0,,2,,,,,,,,,,,,,,,,,,,,,,,,,,,1,,
720566,2,600,1200,1500,1,,0,0,0,1,0,1,2,4,3100,3700,15000,4,,0,0,0,0,1,,2,,,,,,,,,,,,,,2,2,
721628,2,1000,1100,2000,2,5,1,0,0,0,0,,2,,,,,,,,,,,,,,,,,,,,,,,,,,,1,,
721717,1,800,1500,2800,2,7,0,0,0,1,0,1,2,,,,,,,,,,,,,,,,,,,,,,,,,,,1,,
721777,1,20000,7000,25000,4,5,0,0,0,1,0,1,2,,,,,,,,,,,,,,,,,,,,,,,,,,,1,,
721843,1,6000,2580,10900,5,3,0,0,0,1,0,1,2,,,,,,,,,,,,,,,,,,,,,,,,,,,1,,
721871,1,1080,2160,10800,5,,0,0,0,0,1,,2,,,,,,,,,,,,,,,,,,,,,,,,,,,2,,
722310,1,2000,3425,16000,5,,0,0,0,1,0,1,2,2,534,356,890,1,,0,0,0,1,0,1,2,,,,,,,,,,,,,,2,2,
722331,3,1200,1200,6000,4,,0,0,0,1,0,1,2,,,,,,,,,,,,,,,,,,,,,,,,,,,2,,
722807,1,6000,1200,7000,10,,1,0,0,0,0,,2,4,5000,500,5000,15,,0,0,0,1,0,1,2,,,,,,,,,,,,,,2,2,
723200,2,300,120,300,5,,0,0,0,1,0,1,2,,,,,,,,,,,,,,,,,,,,,,,,,,,2,,
723448,4,5000,3300,10000,4,,0,0,0,1,0,1,2,,,,,,,,,,,,,,,,,,,,,,,,,,,2,,
724132,4,5000,200,5500,2,,0,0,0,1,0,1,2,,,,,,,,,,,,,,,,,,,,,,,,,,,2,,
725535,1,50,5400,13500,2,,0,0,0,0,1,,2,,,,,,,,,,,,,,,,,,,,,,,,,,,2,,
725643,1,3000,818,3500,2,,1,0,0,0,0,,2,,,,,,,,,,,,,,,,,,,,,,,,,,,2,,
726553,1,5000,5000,10000,3,7,0,0,0,1,0,1,2,,,,,,,,,,,,,,,,,,,,,,,,,,,1,,
726867,1,6700,3600,8000,3,,0,0,0,1,0,1,2,,,,,,,,,,,,,,,,,,,,,,,,,,,2,,
727039,1,6000,2400,22000,4,,0,0,0,1,0,1,2,,,,,,,,,,,,,,,,,,,,,,,,,,,2,,
727267,4,5000,1000,7000,5,,0,0,0,1,0,1,2,,,,,,,,,,,,,,,,,,,,,,,,,,,2,,
727567,1,17000,6000,25000,5,,1,0,0,0,0,,2,,,,,,,,,,,,,,,,,,,,,,,,,,,2,,
727740,1,2948,3216,11000,5,,1,0,0,0,0,,2,1,1120,1120,3000,3,,1,0,0,0,0,,2,,,,,,,,,,,,,,2,2,
728306,1,6500,1000,7000,3,,1,0,0,0,0,,2,,,,,,,,,,,,,,,,,,,,,,,,,,,2,,
731344,1,5000,3500,12000,4,,0,0,0,1,0,1,2,,,,,,,,,,,,,,,,,,,,,,,,,,,2,,
731810,1,9000,2500,15000,7,6,0,0,0,1,0,1,2,2,100,2000,2000,1,0,0,0,0,1,0,1,2,,,,,,,,,,,,,,1,1,
731827,1,8000,3000,9000,4,,0,0,0,1,0,1,2,,,,,,,,,,,,,,,,,,,,,,,,,,,2,,
732013,1,20000,367,28000,10,7,0,0,0,1,0,1,1,,,,,,,,,,,,,,,,,,,,,,,,,,,1,,
732360,1,8000,4000,20000,5,,0,0,0,1,0,1,2,,,,,,,,,,,,,,,,,,,,,,,,,,,2,,
733216,2,15000,3600,15000,7,,0,0,0,0,1,,1,,,,,,,,,,,,,,,,,,,,,,,,,,,2,,
735103,1,5000,243,17000,6,,0,0,0,1,0,2,2,,,,,,,,,,,,,,,,,,,,,,,,,,,2,,
735143,1,5000,2300,9000,5,,1,0,0,0,0,,2,,,,,,,,,,,,,,,,,,,,,,,,,,,2,,
735401,1,5000,300,12000,15,,,,,,,,,,,,,,,,,,,,,,,,,,,,,,,,,,,,,
736917,1,10800,3600,12500,4,6,0,0,0,1,0,1,2,,,,,,,,,,,,,,,,,,,,,,,,,,,1,,
736935,2,3000,3000,16000,6,,0,0,0,1,0,1,2,,,,,,,,,,,,,,,,,,,,,,,,,,,2,,
737420,1,12168,3800,16000,5,7,0,0,0,1,0,1,2,,,,,,,,,,,,,,,,,,,,,,,,,,,1,,
737436,1,6000,3000,15000,10,,0,0,0,1,0,1,2,,,,,,,,,,,,,,,,,,,,,,,,,,,2,,
737730,1,2500,1200,6000,6,,1,0,0,0,0,,2,,,,,,,,,,,,,,,,,,,,,,,,,,,2,,
800003,1,5000,600,5600,3,,0,0,0,1,0,1,2,,,,,,,,,,,,,,,,,,,,,,,,,,,2,,
800010,1,3500,4800,20000,6,6,1,0,0,0,0,,2,,,,,,,,,,,,,,,,,,,,,,,,,,,1,,
800106,2,4000,1800,7000,6,,0,0,0,1,0,1,2,,,,,,,,,,,,,,,,,,,,,,,,,,,2,,
800135,1,4000,2400,15000,6,,0,0,0,1,0,1,2,,,,,,,,,,,,,,,,,,,,,,,,,,,2,,
800260,1,18000,800,18000,7,,0,0,0,1,0,1,1,,,,,,,,,,,,,,,,,,,,,,,,,,,2,,
800277,1,10000,3000,10000,3,,0,0,0,1,0,1,2,,,,,,,,,,,,,,,,,,,,,,,,,,,2,,
800336,1,5000,2200,11000,7,,0,0,0,1,0,1,2,,,,,,,,,,,,,,,,,,,,,,,,,,,2,,
800416,4,5000,1000,5000,6,,0,0,0,1,0,1,2,,,,,,,,,,,,,,,,,,,,,,,,,,,2,,
800483,2,120,1300,1450,1,6,1,0,0,0,0,,2,,,,,,,,,,,,,,,,,,,,,,,,,,,1,,
800858,2,700,100,850,1,7,1,0,0,0,0,,2,,,,,,,,,,,,,,,,,,,,,,,,,,,1,,
800999,1,4800,2400,12000,5,3,0,0,0,1,0,1,2,,,,,,,,,,,,,,,,,,,,,,,,,,,1,,
801028,1,5000,1900,6000,5,5,0,0,0,1,0,1,2,,,,,,,,,,,,,,,,,,,,,,,,,,,1,,
801221,1,5000,1680,9000,8,,0,0,0,1,0,1,2,1,4000,1296,5000,5,,0,0,0,1,0,1,2,,,,,,,,,,,,,,2,2,
801238,4,5000,1800,5000,5,,0,0,0,1,0,1,2,,,,,,,,,,,,,,,,,,,,,,,,,,,2,,
801543,4,1400,600,2000,2,4,0,0,0,1,0,1,2,,,,,,,,,,,,,,,,,,,,,,,,,,,1,,
801812,4,3000,1400,3000,3,,0,0,0,1,0,1,2,,,,,,,,,,,,,,,,,,,,,,,,,,,2,,
801833,2,1000,650,1500,2,,0,0,0,1,0,1,2,,,,,,,,,,,,,,,,,,,,,,,,,,,2,,
801875,1,17500,350,17500,5,7,1,0,0,0,0,,2,,,,,,,,,,,,,,,,,,,,,,,,,,,1,,
801878,2,1000,86,1100,12,,0,0,0,1,0,1,2,,,,,,,,,,,,,,,,,,,,,,,,,,,2,,
801888,1,2100,3600,18000,5,,0,0,0,1,0,1,2,,,,,,,,,,,,,,,,,,,,,,,,,,,2,,
801907,1,2000,900,6000,8,,0,0,0,1,0,1,2,,,,,,,,,,,,,,,,,,,,,,,,,,,2,,
801948,2,370,370,750,1,0,0,0,0,1,0,1,2,2,1100,2180,4400,2,,0,0,0,1,0,1,2,,,,,,,,,,,,,,1,2,
801966,2,15000,480,20000,10,,0,0,0,1,0,1,2,,,,,,,,,,,,,,,,,,,,,,,,,,,2,,
801972,4,4800,400,30000,6,,0,0,0,0,1,,1,,,,,,,,,,,,,,,,,,,,,,,,,,,2,,
802007,1,7000,2400,13000,6,,0,0,0,0,1,,2,,,,,,,,,,,,,,,,,,,,,,,,,,,2,,
802326,2,500,50,800,12,,0,0,0,1,0,1,2,,,,,,,,,,,,,,,,,,,,,,,,,,,2,,
803526,1,4000,1600,7000,7,,1,0,0,0,0,,2,,,,,,,,,,,,,,,,,,,,,,,,,,,2,,
803566,4,35000,7000,40000,6,,0,0,1,0,0,,2,,,,,,,,,,,,,,,,,,,,,,,,,,,2,,
803570,4,20000,3000,30000,15,,0,0,0,1,0,1,2,,,,,,,,,,,,,,,,,,,,,,,,,,,2,,
803661,1,15000,2000,18500,2,8,0,0,0,1,0,1,2,,,,,,,,,,,,,,,,,,,,,,,,,,,1,,
803915,2,400,400,740,1,7,1,0,0,0,0,,2,,,,,,,,,,,,,,,,,,,,,,,,,,,1,,
803917,2,3000,1500,4500,3,5,1,0,0,0,0,,2,,,,,,,,,,,,,,,,,,,,,,,,,,,1,,
804637,1,600,2400,4200,2,,1,0,0,0,0,,2,,,,,,,,,,,,,,,,,,,,,,,,,,,2,,
804880,4,5000,200,6000,4,,0,0,0,1,0,1,1,,,,,,,,,,,,,,,,,,,,,,,,,,,2,,
805306,1,2000,2000,12000,7,6,1,0,0,0,0,,2,,,,,,,,,,,,,,,,,,,,,,,,,,,1,,
805330,1,2500,2600,9000,4,,1,0,0,0,0,,2,,,,,,,,,,,,,,,,,,,,,,,,,,,2,,
805475,4,1000,60,1000,20,,0,0,0,1,0,1,2,,,,,,,,,,,,,,,,,,,,,,,,,,,2,,
805788,2,700,700,2250,4,7,1,0,0,0,0,,2,,,,,,,,,,,,,,,,,,,,,,,,,,,1,,
805870,2,600,680,1200,2,,1,0,0,0,0,,2,,,,,,,,,,,,,,,,,,,,,,,,,,,2,,
805932,1,7500,5000,18000,4,,0,0,0,1,0,1,2,,,,,,,,,,,,,,,,,,,,,,,,,,,2,,
806096,2,600,1900,2200,1,0,0,0,0,1,0,1,2,,,,,,,,,,,,,,,,,,,,,,,,,,,1,,
806223,2,1200,1200,2300,2,6,1,0,0,0,0,,2,,,,,,,,,,,,,,,,,,,,,,,,,,,1,,
806256,2,250,550,780,1,6,1,0,0,0,0,,2,,,,,,,,,,,,,,,,,,,,,,,,,,,1,,
806284,1,5000,1800,7000,5,,0,0,0,1,0,1,2,2,500,500,1000,3,,0,0,0,1,0,1,2,,,,,,,,,,,,,,2,2,
806661,1,8000,2520,11000,5,,0,0,0,0,1,,3,,,,,,,,,,,,,,,,,,,,,,,,,,,2,,
807066,1,5000,4400,12000,6,7,0,0,0,1,0,1,2,,,,,,,,,,,,,,,,,,,,,,,,,,,1,,
807142,1,4000,4000,15000,4,,0,0,0,1,0,1,2,,,,,,,,,,,,,,,,,,,,,,,,,,,2,,
807146,1,7500,3600,18000,5,,0,0,0,1,0,1,2,,,,,,,,,,,,,,,,,,,,,,,,,,,2,,
807229,1,7000,3000,10000,5,,0,0,0,1,0,1,2,,,,,,,,,,,,,,,,,,,,,,,,,,,2,,
807792,1,4300,1850,8000,5,,0,0,0,1,0,1,2,1,7800,2210,10000,4,,0,0,0,1,0,1,2,,,,,,,,,,,,,,2,2,
808182,4,4000,1800,5000,5,,0,0,0,1,0,2,1,,,,,,,,,,,,,,,,,,,,,,,,,,,2,,
808310,2,400,200,400,1,,0,0,0,1,0,1,2,,,,,,,,,,,,,,,,,,,,,,,,,,,2,,
808313,1,8000,3600,16000,6,4,0,0,0,1,0,1,2,,,,,,,,,,,,,,,,,,,,,,,,,,,1,,
808314,1,6500,2500,8000,3,,1,0,0,0,0,,2,,,,,,,,,,,,,,,,,,,,,,,,,,,2,,
808316,1,1200,1200,13000,3,,0,0,0,1,0,1,2,4,400,100,400,1,,0,0,0,1,0,1,2,,,,,,,,,,,,,,2,2,
808318,2,400,400,800,2,,0,0,0,1,0,1,2,,,,,,,,,,,,,,,,,,,,,,,,,,,2,,
808712,1,450,151,4000,5,,0,0,0,1,0,1,2,,,,,,,,,,,,,,,,,,,,,,,,,,,2,,
808870,1,3000,3600,7000,3,,0,0,0,1,0,1,2,,,,,,,,,,,,,,,,,,,,,,,,,,,2,,
809204,1,4500,3900,15000,4,,1,0,0,0,0,,2,,,,,,,,,,,,,,,,,,,,,,,,,,,2,,
809567,2,150,360,500,2,,0,0,0,1,0,1,2,,,,,,,,,,,,,,,,,,,,,,,,,,,2,,
810082,2,110,390,460,1,,1,0,0,0,0,,2,,,,,,,,,,,,,,,,,,,,,,,,,,,2,,
810091,2,100,350,450,1,,1,0,0,0,0,,2,,,,,,,,,,,,,,,,,,,,,,,,,,,2,,
811805,1,8000,2880,12000,5,,0,0,0,1,0,1,1,,,,,,,,,,,,,,,,,,,,,,,,,,,2,,
812121,2,200,900,1100,1,6,1,0,0,0,0,,2,,,,,,,,,,,,,,,,,,,,,,,,,,,1,,
812450,1,11000,2900,14000,48,,0,0,0,1,0,1,2,,,,,,,,,,,,,,,,,,,,,,,,,,,2,,
812896,2,100,700,760,1,5,1,0,0,0,0,,2,,,,,,,,,,,,,,,,,,,,,,,,,,,1,,
812992,4,8000,4200,13000,5,8,0,0,0,1,0,1,2,,,,,,,,,,,,,,,,,,,,,,,,,,,1,,
813109,4,5900,7200,30000,5,4,0,0,0,1,0,1,1,,,,,,,,,,,,,,,,,,,,,,,,,,,1,,
813196,2,500,252,600,5,,0,0,0,1,0,1,2,4,760,912,1500,2,,0,0,0,1,0,1,2,,,,,,,,,,,,,,2,2,
813349,1,2150,2100,14000,7,,0,0,0,1,0,1,2,,,,,,,,,,,,,,,,,,,,,,,,,,,2,,
813355,1,19000,1250,20000,6,,0,0,0,1,0,1,2,,,,,,,,,,,,,,,,,,,,,,,,,,,2,,
813418,1,3000,109,7500,6,,1,0,0,0,0,,2,,,,,,,,,,,,,,,,,,,,,,,,,,,2,,
813893,2,1500,1200,1500,2,,0,0,0,1,0,1,2,,,,,,,,,,,,,,,,,,,,,,,,,,,2,,
813932,1,12000,4000,16000,5,,0,0,0,1,0,1,2,,,,,,,,,,,,,,,,,,,,,,,,,,,2,,
813952,1,3000,3600,15000,5,,1,0,0,0,0,,2,,,,,,,,,,,,,,,,,,,,,,,,,,,2,,
813969,1,1680,3360,10000,3,,1,0,0,0,0,,2,,,,,,,,,,,,,,,,,,,,,,,,,,,2,,
814226,2,3000,3150,10000,4,,0,0,0,1,0,1,2,,,,,,,,,,,,,,,,,,,,,,,,,,,2,,
814448,1,2500,6000,20000,4,,0,0,0,1,0,1,2,,,,,,,,,,,,,,,,,,,,,,,,,,,2,,
814527,1,5000,5000,13000,3,,0,0,0,1,0,1,1,,,,,,,,,,,,,,,,,,,,,,,,,,,2,,
814868,1,3000,4000,7000,3,8,0,0,0,1,0,1,2,,,,,,,,,,,,,,,,,,,,,,,,,,,1,,
814889,4,4600,400,5000,4,5,0,0,0,1,0,1,2,,,,,,,,,,,,,,,,,,,,,,,,,,,1,,
815015,2,200,860,1260,1,7,1,0,0,0,0,,2,,,,,,,,,,,,,,,,,,,,,,,,,,,1,,
815147,1,10000,3000,10000,4,,0,0,0,1,0,1,2,,,,,,,,,,,,,,,,,,,,,,,,,,,2,,
815192,1,8000,1680,11000,10,,0,0,0,1,0,2,2,,,,,,,,,,,,,,,,,,,,,,,,,,,2,,
815403,1,7000,2800,12000,6,,1,0,0,0,0,,2,,,,,,,,,,,,,,,,,,,,,,,,,,,2,,
815411,2,9000,3000,12000,10,,1,0,0,0,0,,2,,,,,,,,,,,,,,,,,,,,,,,,,,,2,,
815783,4,2000,1700,16000,10,,0,1,0,0,0,,2,,,,,,,,,,,,,,,,,,,,,,,,,,,2,,
815946,1,18000,5000,28000,6,0,0,0,0,1,0,1,2,1,8000,200,8000,3,0,0,0,0,1,0,1,2,,,,,,,,,,,,,,1,1,
817059,2,1200,105,1200,12,,0,0,0,1,0,2,2,,,,,,,,,,,,,,,,,,,,,,,,,,,2,,
817385,1,4500,2900,10000,5,8,0,0,0,1,0,1,2,,,,,,,,,,,,,,,,,,,,,,,,,,,1,,
817402,2,460,60,460,1,,0,0,0,1,0,1,2,,,,,,,,,,,,,,,,,,,,,,,,,,,2,,
817405,1,7500,7500,15000,2,,0,0,0,1,0,1,2,,,,,,,,,,,,,,,,,,,,,,,,,,,2,,
817749,4,28700,626,30000,5,,0,0,0,1,0,2,1,,,,,,,,,,,,,,,,,,,,,,,,,,,2,,
817815,2,1400,400,1400,1,5,0,0,0,1,0,1,2,,,,,,,,,,,,,,,,,,,,,,,,,,,1,,
818071,2,5000,1000,5000,1,3,0,0,0,1,0,1,2,,,,,,,,,,,,,,,,,,,,,,,,,,,1,,
818290,2,5000,1500,5000,5,,0,0,0,1,0,1,2,1,13000,4000,15000,5,,0,0,0,1,0,1,2,,,,,,,,,,,,,,2,2,
818426,4,70000,8000,120000,15,,0,0,1,0,0,,2,,,,,,,,,,,,,,,,,,,,,,,,,,,2,,
818577,2,200,1000,1100,2,7,1,0,0,0,0,,2,,,,,,,,,,,,,,,,,,,,,,,,,,,1,,
818640,4,14000,300,14000,10,,0,0,0,1,0,1,1,,,,,,,,,,,,,,,,,,,,,,,,,,,2,,
819139,4,45000,7200,50000,10,5,0,0,0,1,0,1,2,,,,,,,,,,,,,,,,,,,,,,,,,,,1,,
819190,1,12000,2500,14500,5,,0,0,0,1,0,1,2,,,,,,,,,,,,,,,,,,,,,,,,,,,2,,
819197,1,24000,12000,60000,5,,0,0,0,1,0,1,3,,,,,,,,,,,,,,,,,,,,,,,,,,,2,,
819349,1,3000,5000,24000,3,0,0,0,0,1,0,1,2,,,,,,,,,,,,,,,,,,,,,,,,,,,1,,
819465,1,2000,5700,18000,4,,0,0,0,1,0,1,2,,,,,,,,,,,,,,,,,,,,,,,,,,,2,,
819511,1,4800,2400,6200,4,,0,0,0,1,0,1,2,,,,,,,,,,,,,,,,,,,,,,,,,,,2,,
819603,1,3500,3500,12000,6,,0,0,0,1,0,1,2,,,,,,,,,,,,,,,,,,,,,,,,,,,2,,
820118,4,7000,2100,7000,4,,0,0,0,0,1,,1,,,,,,,,,,,,,,,,,,,,,,,,,,,2,,
820171,1,10000,3600,10000,4,,0,0,0,1,0,1,1,,,,,,,,,,,,,,,,,,,,,,,,,,,2,,
821643,2,17000,650,40000,7,,0,0,0,1,0,2,2,,,,,,,,,,,,,,,,,,,,,,,,,,,2,,
821675,1,3360,3700,14000,5,,1,0,0,0,0,,2,2,3000,1080,3000,6,,0,0,0,1,0,1,2,4,590,59,590,1,,0,0,0,1,0,1,2,2,2,2
821692,1,1000,2060,6000,3,,0,0,0,1,0,1,2,,,,,,,,,,,,,,,,,,,,,,,,,,,2,,
822019,1,2000,2000,10000,7,,1,0,0,0,0,,2,,,,,,,,,,,,,,,,,,,,,,,,,,,2,,
822119,2,600,110,1200,12,7,1,0,0,0,0,,2,,,,,,,,,,,,,,,,,,,,,,,,,,,1,,
822470,2,50,1800,7000,5,,0,0,0,1,0,1,2,,,,,,,,,,,,,,,,,,,,,,,,,,,2,,
822497,1,4000,3000,12000,5,,0,0,0,1,0,1,2,,,,,,,,,,,,,,,,,,,,,,,,,,,2,,
822530,1,4800,3000,7000,3,,1,0,0,0,0,,2,,,,,,,,,,,,,,,,,,,,,,,,,,,2,,
822559,2,1100,1100,3000,3,,0,0,0,1,0,1,2,,,,,,,,,,,,,,,,,,,,,,,,,,,2,,
823425,2,600,730,1200,1,,1,0,0,0,0,,2,,,,,,,,,,,,,,,,,,,,,,,,,,,2,,
823963,1,4000,2880,7700,3,4,0,0,0,1,0,1,2,,,,,,,,,,,,,,,,,,,,,,,,,,,1,,
824344,2,300,540,1300,5,0,0,0,0,1,0,1,2,,,,,,,,,,,,,,,,,,,,,,,,,,,1,,
824454,1,3000,1000,8000,8,,0,0,0,1,0,1,2,,,,,,,,,,,,,,,,,,,,,,,,,,,2,,
824725,1,6500,2040,8000,6,,0,0,0,1,0,1,2,,,,,,,,,,,,,,,,,,,,,,,,,,,2,,
824735,2,240,480,700,1,,1,0,0,0,0,,2,,,,,,,,,,,,,,,,,,,,,,,,,,,2,,
825164,4,3500,1450,4000,5,*,0,0,0,1,0,1,2,,,,,,,,,,,,,,,,,,,,,,,,,,,1,,
825172,1,8000,265,10000,4,,0,0,0,1,0,1,2,,,,,,,,,,,,,,,,,,,,,,,,,,,2,,
825189,1,7000,2400,12000,6,8,0,0,0,1,0,2,2,4,13000,3000,15000,6,,0,0,0,1,0,1,2,,,,,,,,,,,,,,1,2,
825513,1,13500,4200,22500,5,,1,0,0,0,0,,2,,,,,,,,,,,,,,,,,,,,,,,,,,,2,,
825940,2,170,580,750,1,,1,0,0,0,0,,2,,,,,,,,,,,,,,,,,,,,,,,,,,,2,,
826118,1,5000,2700,10000,5,,0,0,0,1,0,1,2,,,,,,,,,,,,,,,,,,,,,,,,,,,2,,
826595,2,60,600,600,1,,1,0,0,0,0,,2,,,,,,,,,,,,,,,,,,,,,,,,,,,2,,
826687,1,5400,5400,16800,3,5,1,0,0,0,0,,2,,,,,,,,,,,,,,,,,,,,,,,,,,,1,,
826744,1,10000,7000,30000,5,,1,0,0,0,0,,2,,,,,,,,,,,,,,,,,,,,,,,,,,,2,,
827084,1,50,2500,12500,5,,0,0,0,1,0,1,2,,,,,,,,,,,,,,,,,,,,,,,,,,,2,,
827188,1,6000,3000,12000,5,,0,0,0,0,1,,2,2,50,850,850,1,,0,0,0,1,0,1,2,,,,,,,,,,,,,,2,2,
827407,2,500,600,1050,1,,1,0,0,0,0,,2,,,,,,,,,,,,,,,,,,,,,,,,,,,2,,
827517,1,5000,1000,5000,3,6,0,0,0,1,0,2,2,,,,,,,,,,,,,,,,,,,,,,,,,,,1,,
827847,1,10000,1500,12000,4,,1,0,0,0,0,,2,,,,,,,,,,,,,,,,,,,,,,,,,,,2,,
827870,1,4000,220,4300,4,,0,0,0,1,0,1,2,,,,,,,,,,,,,,,,,,,,,,,,,,,2,,
850013,1,15000,3000,20000,7,,0,0,0,1,0,1,2,,,,,,,,,,,,,,,,,,,,,,,,,,,2,,
850016,1,12000,4200,18000,5,5,0,0,0,1,0,1,2,,,,,,,,,,,,,,,,,,,,,,,,,,,1,,
850027,4,600,880,900,1,,0,0,0,1,0,1,2,,,,,,,,,,,,,,,,,,,,,,,,,,,2,,
851008,1,8000,2200,14000,7,,0,0,0,0,1,,2,,,,,,,,,,,,,,,,,,,,,,,,,,,2,,
851017,2,4000,1560,5000,4,,0,0,0,1,0,1,2,,,,,,,,,,,,,,,,,,,,,,,,,,,2,,
851032,4,1600,1000,1600,10,,0,0,0,1,0,1,1,,,,,,,,,,,,,,,,,,,,,,,,,,,2,,
851037,1,4000,3600,8000,4,,1,0,0,0,0,,2,2,2000,2400,2400,1,,1,0,0,0,0,,2,,,,,,,,,,,,,,2,2,
851068,1,1500,1000,2500,3,,0,0,0,1,0,1,2,,,,,,,,,,,,,,,,,,,,,,,,,,,2,,
851128,4,21000,3000,25000,10,,0,0,0,1,0,2,2,4,8000,2100,8000,9,,0,0,0,1,0,1,2,4,4000,1900,12000,10,6,0,0,0,1,0,1,2,2,2,1
851176,2,5000,6000,10000,3,,0,0,0,1,0,1,2,,,,,,,,,,,,,,,,,,,,,,,,,,,2,,
851203,2,1000,900,3000,3,,0,0,0,1,0,1,2,,,,,,,,,,,,,,,,,,,,,,,,,,,2,,
851207,2,6000,3000,7000,3,,0,0,0,1,0,1,2,,,,,,,,,,,,,,,,,,,,,,,,,,,2,,
851216,2,500,800,1300,2,,1,0,0,0,0,,2,,,,,,,,,,,,,,,,,,,,,,,,,,,2,,
851218,4,3500,1250,5000,5,,0,0,0,1,0,1,2,,,,,,,,,,,,,,,,,,,,,,,,,,,2,,
851233,1,5000,3000,11000,5,,1,0,0,0,0,,2,,,,,,,,,,,,,,,,,,,,,,,,,,,2,,
851367,1,6000,3000,9000,3,2,0,0,0,1,0,1,2,,,,,,,,,,,,,,,,,,,,,,,,,,,1,,
851385,1,2000,1200,5500,5,,1,0,0,0,0,,2,,,,,,,,,,,,,,,,,,,,,,,,,,,2,,
851522,2,6000,2000,7000,5,,0,0,0,1,0,1,2,,,,,,,,,,,,,,,,,,,,,,,,,,,2,,
851542,4,6000,3420,10000,5,7,0,0,0,1,0,1,2,,,,,,,,,,,,,,,,,,,,,,,,,,,1,,
851576,1,20000,5160,26000,6,6,0,0,0,1,0,1,2,3,6000,1740,8000,6,7,0,0,0,1,0,1,2,,,,,,,,,,,,,,1,1,
851670,1,3500,1800,5000,2,,0,0,0,1,0,1,2,,,,,,,,,,,,,,,,,,,,,,,,,,,2,,
851672,2,9000,2750,14000,10,,0,0,0,1,0,1,2,,,,,,,,,,,,,,,,,,,,,,,,,,,2,,
851699,1,19000,3660,30000,5,*,0,0,0,1,0,1,2,,,,,,,,,,,,,,,,,,,,,,,,,,,1,,
851703,4,5000,2400,10000,7,,0,0,0,1,0,2,2,,,,,,,,,,,,,,,,,,,,,,,,,,,2,,
851704,1,1000,4200,4800,1,,0,0,0,0,1,,2,,,,,,,,,,,,,,,,,,,,,,,,,,,2,,
851754,1,13000,3000,15000,5,,0,0,0,1,0,1,2,,,,,,,,,,,,,,,,,,,,,,,,,,,2,,
851844,2,2000,3000,6000,7,,0,0,0,1,0,1,2,,,,,,,,,,,,,,,,,,,,,,,,,,,2,,
851847,4,250,3000,10000,4,7,0,0,0,1,0,1,2,,,,,,,,,,,,,,,,,,,,,,,,,,,1,,
851859,1,8000,2750,14000,5,,0,0,0,1,0,1,2,,,,,,,,,,,,,,,,,,,,,,,,,,,2,,
851865,1,10000,4000,15000,5,*,0,0,0,1,0,1,2,,,,,,,,,,,,,,,,,,,,,,,,,,,1,,
851867,1,10000,5000,27000,5,,0,0,0,1,0,1,2,,,,,,,,,,,,,,,,,,,,,,,,,,,2,,
851872,1,5000,1900,7500,4,8,0,0,0,1,0,1,2,2,2200,1100,2200,2,8,0,0,0,1,0,1,2,,,,,,,,,,,,,,1,1,
851874,1,2800,200,3000,4,,0,0,0,1,0,1,2,2,100,100,200,1,,0,0,0,1,0,1,2,2,180,180,300,1,,0,0,0,1,0,1,2,2,2,2
851880,1,5500,5500,21000,4,7,0,0,0,1,0,1,2,2,400,750,1250,2,*,0,0,0,1,0,1,2,,,,,,,,,,,,,,1,1,
851937,1,7000,3000,9000,3,,1,0,0,0,0,,2,,,,,,,,,,,,,,,,,,,,,,,,,,,2,,
851969,1,10000,500,10500,4,0,1,0,0,0,0,,2,,,,,,,,,,,,,,,,,,,,,,,,,,,1,,
852020,2,1200,1200,2400,2,,0,0,0,0,1,,2,,,,,,,,,,,,,,,,,,,,,,,,,,,2,,
852021,1,4000,2400,6000,3,,0,0,0,1,0,1,2,,,,,,,,,,,,,,,,,,,,,,,,,,,2,,
852041,1,12000,440,20000,10,,1,0,0,0,0,,2,,,,,,,,,,,,,,,,,,,,,,,,,,,2,,
852094,1,5600,3480,15000,5,6,0,0,0,1,0,1,2,,,,,,,,,,,,,,,,,,,,,,,,,,,1,,
852099,1,4500,500,5000,2,7,0,0,0,1,0,1,2,,,,,,,,,,,,,,,,,,,,,,,,,,,1,,
852109,1,4400,1488,6000,6,7,0,0,0,1,0,2,2,,,,,,,,,,,,,,,,,,,,,,,,,,,1,,
852134,2,10000,50,18000,5,9,0,0,0,1,0,1,1,,,,,,,,,,,,,,,,,,,,,,,,,,,1,,
852137,1,13000,2800,15500,5,,0,0,0,1,0,1,2,,,,,,,,,,,,,,,,,,,,,,,,,,,2,,
852152,2,400,600,1000,1,,0,0,0,1,0,1,2,,,,,,,,,,,,,,,,,,,,,,,,,,,2,,
852153,1,1600,4800,6000,2,,0,0,0,1,0,1,2,,,,,,,,,,,,,,,,,,,,,,,,,,,2,,
852156,1,7500,1120,8500,5,,0,0,0,1,0,1,2,4,1900,180,2000,2,,0,0,0,1,0,1,2,,,,,,,,,,,,,,2,2,
852159,1,12000,2400,14000,6,7,0,0,0,1,0,1,2,,,,,,,,,,,,,,,,,,,,,,,,,,,1,,
852173,1,1000,2400,8000,3,,0,0,0,1,0,1,2,,,,,,,,,,,,,,,,,,,,,,,,,,,2,,
852175,1,10800,3600,18000,5,9,0,0,0,1,0,1,2,,,,,,,,,,,,,,,,,,,,,,,,,,,1,,
852289,4,5000,3600,5000,4,,0,0,0,1,0,1,2,,,,,,,,,,,,,,,,,,,,,,,,,,,2,,
852304,1,4800,2400,7400,3,,0,0,0,1,0,1,2,,,,,,,,,,,,,,,,,,,,,,,,,,,2,,
852364,4,3200,2400,5000,3,,0,0,0,1,0,1,2,,,,,,,,,,,,,,,,,,,,,,,,,,,2,,
852384,4,3000,1440,3000,3,,0,0,0,1,0,1,2,,,,,,,,,,,,,,,,,,,,,,,,,,,2,,
852551,4,25487,2317,27804,7,,0,0,0,1,0,1,2,,,,,,,,,,,,,,,,,,,,,,,,,,,2,,
852754,1,2500,3600,10000,3,,0,0,0,1,0,1,2,4,80000,7900,100000,20,5,0,0,0,1,0,1,2,,,,,,,,,,,,,,2,1,
852953,1,12000,200,15000,10,,0,0,0,1,0,2,2,,,,,,,,,,,,,,,,,,,,,,,,,,,2,,
852969,3,1350,800,2500,4,,0,0,0,1,0,1,2,,,,,,,,,,,,,,,,,,,,,,,,,,,2,,
852996,3,700,1200,2000,2,,0,0,0,1,0,1,2,,,,,,,,,,,,,,,,,,,,,,,,,,,2,,
853210,2,2000,80,3000,2,,0,0,0,1,0,1,2,,,,,,,,,,,,,,,,,,,,,,,,,,,2,,
853249,1,5000,3000,16000,5,,0,0,0,1,0,1,2,,,,,,,,,,,,,,,,,,,,,,,,,,,2,,
853297,2,500,400,1800,2,,1,0,0,0,0,,2,,,,,,,,,,,,,,,,,,,,,,,,,,,2,,
853306,1,2000,1400,5000,4,,1,0,0,0,0,,2,,,,,,,,,,,,,,,,,,,,,,,,,,,2,,
853308,1,2000,2000,15000,4,,1,0,0,0,0,,2,,,,,,,,,,,,,,,,,,,,,,,,,,,2,,
853318,1,2000,1000,3000,3,,1,0,0,0,0,,2,,,,,,,,,,,,,,,,,,,,,,,,,,,2,,
853339,1,5000,3000,10000,4,,0,0,0,1,0,1,2,,,,,,,,,,,,,,,,,,,,,,,,,,,2,,
853352,1,8000,250,11000,4,0,0,0,0,1,0,1,2,,,,,,,,,,,,,,,,,,,,,,,,,,,1,,
853354,1,4000,2400,7000,5,,0,0,0,1,0,1,2,,,,,,,,,,,,,,,,,,,,,,,,,,,2,,
853611,1,18000,4800,22000,5,9,0,1,0,0,0,,3,,,,,,,,,,,,,,,,,,,,,,,,,,,1,,
853700,1,2500,1600,3000,2,,1,0,0,0,0,,2,,,,,,,,,,,,,,,,,,,,,,,,,,,2,,
853778,1,6000,3000,9000,3,,0,0,0,1,0,1,2,,,,,,,,,,,,,,,,,,,,,,,,,,,2,,
853785,1,1000,3000,15000,5,,0,0,0,1,0,1,2,1,2000,2000,8000,4,,0,0,0,1,0,1,2,,,,,,,,,,,,,,2,2,
853790,1,2000,3000,8000,2,,0,0,0,1,0,1,2,,,,,,,,,,,,,,,,,,,,,,,,,,,2,,
853796,1,4000,2400,9000,4,,0,0,0,1,0,1,2,,,,,,,,,,,,,,,,,,,,,,,,,,,2,,
853801,1,8150,3600,8150,3,,0,0,0,0,1,,2,,,,,,,,,,,,,,,,,,,,,,,,,,,2,,
853926,1,3000,2016,4000,3,,1,0,0,0,0,,2,1,7000,1800,7000,3,,1,0,0,0,0,,2,,,,,,,,,,,,,,2,2,
853931,1,1325,3180,8000,3,,0,0,0,1,0,1,2,,,,,,,,,,,,,,,,,,,,,,,,,,,2,,
853973,2,500,1310,1500,2,,0,0,0,1,0,1,2,,,,,,,,,,,,,,,,,,,,,,,,,,,2,,
853979,1,4000,3800,18000,5,7,1,0,0,0,0,,2,1,12000,3800,18000,5,2,1,0,0,0,0,,2,,,,,,,,,,,,,,1,1,
853993,1,5000,2400,7000,3,,1,0,0,0,0,,2,,,,,,,,,,,,,,,,,,,,,,,,,,,2,,
854062,4,20000,5400,30000,10,,0,0,0,1,0,1,1,4,20000,3350,50000,10,,0,0,0,1,0,2,1,,,,,,,,,,,,,,2,2,
854067,1,4000,2520,8800,4,,1,0,0,0,0,,2,1,1700,1680,3800,3,,1,0,0,0,0,,2,1,1100,1200,4000,4,,1,0,0,0,0,,2,2,2,2
854070,1,10000,190,10000,5,,1,0,0,0,0,,2,,,,,,,,,,,,,,,,,,,,,,,,,,,2,,
854202,4,3000,70,5000,5,,0,0,0,1,0,1,1,,,,,,,,,,,,,,,,,,,,,,,,,,,2,,
854242,1,2500,4300,15000,4,8,0,0,0,1,0,1,2,,,,,,,,,,,,,,,,,,,,,,,,,,,1,,
854253,1,4300,720,6480,3,,0,0,0,1,0,1,2,,,,,,,,,,,,,,,,,,,,,,,,,,,2,,
854275,2,350,1400,2700,2,0,0,0,0,1,0,1,2,,,,,,,,,,,,,,,,,,,,,,,,,,,1,,
854283,1,4000,2000,6000,3,,0,0,0,1,0,1,2,,,,,,,,,,,,,,,,,,,,,,,,,,,2,,
854563,1,7000,3250,12000,4,,0,0,0,1,0,1,1,,,,,,,,,,,,,,,,,,,,,,,,,,,2,,
854645,1,29000,6500,30000,4,,0,0,0,1,0,1,2,,,,,,,,,,,,,,,,,,,,,,,,,,,2,,
854689,1,2300,4100,7000,3,6,0,0,0,1,0,1,2,2,700,1200,2100,2,0,0,0,0,1,0,1,2,,,,,,,,,,,,,,1,1,
854690,1,10000,460,10000,2,,0,0,0,1,0,1,2,,,,,,,,,,,,,,,,,,,,,,,,,,,2,,
854787,1,500,700,2500,4,,1,0,0,0,0,,2,,,,,,,,,,,,,,,,,,,,,,,,,,,2,,
854855,1,9200,3000,14000,5,,0,0,0,1,0,1,2,,,,,,,,,,,,,,,,,,,,,,,,,,,2,,
854926,1,3000,170,6000,3,7,1,0,0,0,0,,2,,,,,,,,,,,,,,,,,,,,,,,,,,,1,,
854958,1,6000,3750,12000,4,,0,0,0,1,0,1,2,,,,,,,,,,,,,,,,,,,,,,,,,,,2,,
855065,1,3600,3600,10800,3,,1,0,0,0,0,,2,,,,,,,,,,,,,,,,,,,,,,,,,,,2,,
855206,1,2520,2520,11000,5,7,0,1,0,0,0,,2,,,,,,,,,,,,,,,,,,,,,,,,,,,1,,
855238,1,9800,3600,17000,5,,0,0,0,1,0,1,2,,,,,,,,,,,,,,,,,,,,,,,,,,,2,,
855260,4,8000,2000,12000,6,,0,0,0,1,0,1,2,4,5000,1800,8000,5,,0,0,0,1,0,2,2,,,,,,,,,,,,,,2,2,
855262,1,10000,50,10000,3,,1,0,0,0,0,,2,,,,,,,,,,,,,,,,,,,,,,,,,,,2,,
855264,1,5000,4800,15000,5,,1,0,0,0,0,,2,,,,,,,,,,,,,,,,,,,,,,,,,,,2,,
855271,2,400,50,450,3,,0,0,0,1,0,1,2,,,,,,,,,,,,,,,,,,,,,,,,,,,2,,
855292,1,7700,2700,10000,3,,0,0,0,1,0,1,2,,,,,,,,,,,,,,,,,,,,,,,,,,,2,,
855307,1,4000,2200,8400,4,,0,0,0,1,0,1,2,,,,,,,,,,,,,,,,,,,,,,,,,,,2,,
855325,1,12000,4000,16000,3,,0,0,0,1,0,1,2,,,,,,,,,,,,,,,,,,,,,,,,,,,2,,
855347,1,6000,4800,16000,5,,0,0,0,1,0,1,2,,,,,,,,,,,,,,,,,,,,,,,,,,,2,,
855350,1,7000,3900,10000,5,,0,0,0,1,0,1,2,,,,,,,,,,,,,,,,,,,,,,,,,,,2,,
855360,1,3000,2700,6500,3,,0,0,0,1,0,1,2,,,,,,,,,,,,,,,,,,,,,,,,,,,2,,
855361,1,13000,2400,16000,7,6,0,0,0,1,0,1,2,,,,,,,,,,,,,,,,,,,,,,,,,,,1,,
855413,1,6080,920,7000,3,,1,0,0,0,0,,2,,,,,,,,,,,,,,,,,,,,,,,,,,,2,,
855454,1,14400,4800,24000,5,,0,0,0,0,1,,2,,,,,,,,,,,,,,,,,,,,,,,,,,,2,,
855488,1,13500,4500,18000,5,,0,0,0,1,0,1,2,,,,,,,,,,,,,,,,,,,,,,,,,,,2,,
855554,1,15000,5000,20000,5,9,0,0,0,1,0,1,2,,,,,,,,,,,,,,,,,,,,,,,,,,,1,,
855635,1,9813,187,10000,6,,1,0,0,0,0,,2,,,,,,,,,,,,,,,,,,,,,,,,,,,2,,
855745,1,4500,5000,12000,3,0,0,0,0,1,0,1,2,,,,,,,,,,,,,,,,,,,,,,,,,,,1,,
855751,1,1650,4000,13000,4,,0,0,0,1,0,1,2,1,5200,2400,10000,5,,0,0,0,1,0,1,2,,,,,,,,,,,,,,2,2,
855864,1,5800,1200,7000,5,,0,0,0,1,0,1,2,,,,,,,,,,,,,,,,,,,,,,,,,,,2,,
855883,4,25000,4000,25000,10,,0,0,1,0,0,,2,,,,,,,,,,,,,,,,,,,,,,,,,,,2,,
855978,1,2214,2952,10000,4,,0,0,0,1,0,1,2,,,,,,,,,,,,,,,,,,,,,,,,,,,2,,
856014,2,72,50,100,3,,0,0,0,0,1,,2,2,50,216,252,3,,0,0,0,0,1,,2,,,,,,,,,,,,,,2,2,
856081,2,600,750,1200,1,6,1,0,0,0,0,,2,,,,,,,,,,,,,,,,,,,,,,,,,,,1,,
856083,2,800,1000,1870,1,5,1,0,0,0,0,,2,,,,,,,,,,,,,,,,,,,,,,,,,,,1,,
856113,1,3000,3200,10000,4,9,0,0,0,1,0,1,2,,,,,,,,,,,,,,,,,,,,,,,,,,,1,,
856114,1,3600,3600,10000,3,,0,0,0,1,0,1,2,,,,,,,,,,,,,,,,,,,,,,,,,,,2,,
856115,1,10000,4680,20000,6,9,0,0,0,1,0,1,2,,,,,,,,,,,,,,,,,,,,,,,,,,,1,,
856117,1,3000,3000,10000,5,,0,0,0,1,0,1,3,1,5150,850,6000,3,,0,0,0,1,0,1,3,,,,,,,,,,,,,,2,2,
856128,1,9000,5000,14000,3,,0,0,0,1,0,1,2,,,,,,,,,,,,,,,,,,,,,,,,,,,2,,
856158,1,6500,750,6900,3,,0,0,0,1,0,1,3,,,,,,,,,,,,,,,,,,,,,,,,,,,2,,
856209,1,3000,3000,6000,2,,0,0,0,1,0,1,2,,,,,,,,,,,,,,,,,,,,,,,,,,,2,,
856217,1,750,1900,5000,3,6,0,0,0,1,0,1,2,,,,,,,,,,,,,,,,,,,,,,,,,,,1,,
856236,1,29000,1000,30000,5,2,0,0,0,1,0,1,2,,,,,,,,,,,,,,,,,,,,,,,,,,,1,,
856244,1,11000,3000,14000,6,,0,0,0,1,0,1,2,,,,,,,,,,,,,,,,,,,,,,,,,,,2,,
856250,1,7800,3900,18000,10,4,1,0,0,0,0,,2,,,,,,,,,,,,,,,,,,,,,,,,,,,1,,
856297,1,1500,8568,30000,4,,1,0,0,0,0,,2,,,,,,,,,,,,,,,,,,,,,,,,,,,2,,
856424,1,5000,5000,15000,4,,1,0,0,0,0,,2,,,,,,,,,,,,,,,,,,,,,,,,,,,2,,
856452,1,8000,2000,9000,5,,1,0,0,0,0,,2,,,,,,,,,,,,,,,,,,,,,,,,,,,2,,
856490,1,8000,2000,10000,5,,1,0,0,0,0,,2,,,,,,,,,,,,,,,,,,,,,,,,,,,2,,
856668,1,12000,3000,19000,5,,1,0,0,0,0,,2,,,,,,,,,,,,,,,,,,,,,,,,,,,2,,
856688,1,4320,2160,8640,4,,0,0,0,1,0,1,2,,,,,,,,,,,,,,,,,,,,,,,,,,,2,,
856708,1,12000,50,12000,4,7,0,0,0,0,1,,2,,,,,,,,,,,,,,,,,,,,,,,,,,,1,,
856731,1,3000,2100,10000,5,8,0,0,0,1,0,1,2,1,3000,3100,12000,5,8,0,0,0,1,0,1,2,,,,,,,,,,,,,,1,1,
856739,1,2400,2400,18000,3,,1,0,0,0,0,,2,,,,,,,,,,,,,,,,,,,,,,,,,,,2,,
856742,1,5200,800,6000,3,,0,0,0,1,0,1,2,2,350,850,1700,1,,0,0,0,1,0,1,2,,,,,,,,,,,,,,2,2,
856769,4,1541,531,1541,3,,0,0,0,1,0,1,2,,,,,,,,,,,,,,,,,,,,,,,,,,,2,,
856773,4,1000,1002,2500,3,,0,0,0,1,0,1,2,,,,,,,,,,,,,,,,,,,,,,,,,,,2,,
856776,1,5000,5520,12000,3,,0,0,0,1,0,1,2,,,,,,,,,,,,,,,,,,,,,,,,,,,2,,
856868,4,5000,2040,8000,10,,0,0,0,1,0,1,2,,,,,,,,,,,,,,,,,,,,,,,,,,,2,,
856929,1,1800,3200,5000,2,,0,0,0,1,0,1,2,,,,,,,,,,,,,,,,,,,,,,,,,,,2,,
856941,1,1800,3600,8000,3,,0,0,0,1,0,1,2,,,,,,,,,,,,,,,,,,,,,,,,,,,2,,
857064,1,2500,2500,10000,4,0,0,0,0,1,0,1,2,,,,,,,,,,,,,,,,,,,,,,,,,,,1,,
857073,1,3500,1800,5000,3,,0,0,0,1,0,1,2,,,,,,,,,,,,,,,,,,,,,,,,,,,2,,
857137,1,4500,1400,5500,3,,0,0,0,1,0,1,2,,,,,,,,,,,,,,,,,,,,,,,,,,,2,,
857263,1,20000,4000,27000,10,7,0,0,0,1,0,2,1,,,,,,,,,,,,,,,,,,,,,,,,,,,1,,
857291,1,13000,1500,14500,5,,0,0,0,1,0,1,2,,,,,,,,,,,,,,,,,,,,,,,,,,,2,,
857295,1,9941,2328,10000,10,,0,0,0,1,0,2,2,,,,,,,,,,,,,,,,,,,,,,,,,,,2,,
857343,1,3600,3900,15000,3,,0,0,0,1,0,1,2,1,1000,250,4000,18,,0,0,0,1,0,1,2,,,,,,,,,,,,,,2,2,
857368,1,7500,1900,8000,5,,0,0,0,1,0,1,2,,,,,,,,,,,,,,,,,,,,,,,,,,,2,,
857373,1,12000,7500,35000,7,6,0,0,0,1,0,1,2,,,,,,,,,,,,,,,,,,,,,,,,,,,1,,
857512,2,200,400,600,12,9,0,0,0,1,0,1,2,,,,,,,,,,,,,,,,,,,,,,,,,,,1,,
857513,1,15000,1740,16800,5,,1,0,0,0,0,,2,2,480,480,960,1,,0,0,0,1,0,1,2,,,,,,,,,,,,,,2,2,
857514,4,12000,6000,24000,4,,0,0,0,1,0,1,1,,,,,,,,,,,,,,,,,,,,,,,,,,,2,,
857758,4,8000,1800,8000,5,,0,0,0,1,0,1,2,,,,,,,,,,,,,,,,,,,,,,,,,,,2,,
857779,2,800,800,800,1,0,1,0,0,0,0,,2,,,,,,,,,,,,,,,,,,,,,,,,,,,1,,
857856,1,5000,2000,8000,5,,0,0,0,1,0,1,2,,,,,,,,,,,,,,,,,,,,,,,,,,,2,,
857887,1,10000,2000,12000,10,,0,0,0,1,0,1,2,,,,,,,,,,,,,,,,,,,,,,,,,,,2,,
857907,4,5000,1600,5000,5,,0,0,0,1,0,2,2,,,,,,,,,,,,,,,,,,,,,,,,,,,2,,
857934,2,1000,696,1500,1,,1,0,0,0,0,,2,,,,,,,,,,,,,,,,,,,,,,,,,,,2,,
857939,1,13000,3600,13000,5,,1,0,0,0,0,,2,,,,,,,,,,,,,,,,,,,,,,,,,,,2,,
857948,1,5500,2000,6000,4,,0,0,0,1,0,1,2,,,,,,,,,,,,,,,,,,,,,,,,,,,2,,
858037,2,300,100,300,4,,1,0,0,0,0,,2,,,,,,,,,,,,,,,,,,,,,,,,,,,2,,
858046,2,1300,1300,2300,2,1,0,0,0,1,0,1,2,,,,,,,,,,,,,,,,,,,,,,,,,,,1,,
858057,1,5000,1800,7000,4,,1,0,0,0,0,,2,,,,,,,,,,,,,,,,,,,,,,,,,,,2,,
858178,1,7000,3000,15000,5,,0,0,0,1,0,1,2,,,,,,,,,,,,,,,,,,,,,,,,,,,2,,
858190,1,5000,2000,6000,4,4,0,0,0,1,0,1,2,,,,,,,,,,,,,,,,,,,,,,,,,,,1,,
858230,2,1700,300,2000,2,,0,0,0,1,0,1,2,,,,,,,,,,,,,,,,,,,,,,,,,,,2,,
858245,1,6000,1800,8500,5,*,0,0,0,1,0,1,2,,,,,,,,,,,,,,,,,,,,,,,,,,,1,,
858260,4,3000,3000,3000,5,,0,0,0,1,0,1,2,4,6000,2000,6000,5,,0,0,0,0,1,,2,,,,,,,,,,,,,,2,2,
858268,2,1500,800,1500,2,,0,0,0,1,0,1,2,,,,,,,,,,,,,,,,,,,,,,,,,,,2,,
858277,2,700,1200,14000,18,,0,0,0,1,0,1,2,,,,,,,,,,,,,,,,,,,,,,,,,,,2,,
858349,1,6000,3600,17500,5,*,0,0,0,1,0,1,2,,,,,,,,,,,,,,,,,,,,,,,,,,,1,,
858360,1,9000,3000,12000,5,5,0,0,0,1,0,1,2,,,,,,,,,,,,,,,,,,,,,,,,,,,1,,
858380,1,1300,2000,15000,3,3,0,0,0,1,0,1,2,,,,,,,,,,,,,,,,,,,,,,,,,,,1,,
858386,1,5000,3360,12000,4,4,0,0,0,1,0,1,2,1,2800,4200,8000,3,,0,0,0,1,0,1,2,,,,,,,,,,,,,,1,2,
858392,1,860,840,9600,6,5,0,0,0,1,0,1,2,,,,,,,,,,,,,,,,,,,,,,,,,,,1,,
858525,2,1000,1000,1900,2,6,0,1,0,0,0,,2,,,,,,,,,,,,,,,,,,,,,,,,,,,1,,
858535,1,1890,2300,4000,3,,0,0,0,1,0,1,2,,,,,,,,,,,,,,,,,,,,,,,,,,,2,,
858638,2,800,800,2600,4,7,1,0,0,0,0,,2,,,,,,,,,,,,,,,,,,,,,,,,,,,1,,
858666,1,6000,2550,7000,3,,0,0,0,1,0,1,2,,,,,,,,,,,,,,,,,,,,,,,,,,,2,,
858677,2,600,250,800,2,,0,0,0,1,0,1,2,,,,,,,,,,,,,,,,,,,,,,,,,,,2,,
858725,2,500,500,1200,1,,0,0,0,1,0,1,2,,,,,,,,,,,,,,,,,,,,,,,,,,,2,,
858728,4,3000,1308,5000,3,*,0,0,0,0,1,,2,2,300,1500,1800,1,*,0,0,0,0,1,,2,,,,,,,,,,,,,,1,1,
858732,1,6000,2880,12000,4,,0,0,0,1,0,1,2,,,,,,,,,,,,,,,,,,,,,,,,,,,2,,
858743,2,500,1000,1500,2,,0,0,0,1,0,1,2,1,7000,250,8200,6,,0,0,0,1,0,1,2,,,,,,,,,,,,,,2,2,
858751,4,20000,6000,25000,10,6,0,1,0,0,0,,2,,,,,,,,,,,,,,,,,,,,,,,,,,,1,,
858769,1,7000,2500,11500,6,,0,0,0,1,0,1,2,,,,,,,,,,,,,,,,,,,,,,,,,,,2,,
858770,1,5000,2500,10000,5,,0,0,0,1,0,1,2,,,,,,,,,,,,,,,,,,,,,,,,,,,2,,
858811,1,19000,2100,20000,10,1,0,0,0,1,0,1,2,,,,,,,,,,,,,,,,,,,,,,,,,,,1,,
858858,1,7200,2400,9000,4,,0,0,0,1,0,1,2,,,,,,,,,,,,,,,,,,,,,,,,,,,2,,
858999,2,500,600,2500,5,7,1,0,0,0,0,,2,,,,,,,,,,,,,,,,,,,,,,,,,,,1,,
859017,2,400,480,1600,4,7,0,0,0,1,0,1,2,,,,,,,,,,,,,,,,,,,,,,,,,,,1,,
859085,2,1000,1000,3200,3,7,1,0,0,0,0,,2,,,,,,,,,,,,,,,,,,,,,,,,,,,1,,
859153,2,1000,1100,2000,2,6,1,0,0,0,0,,2,,,,,,,,,,,,,,,,,,,,,,,,,,,1,,
859245,1,5000,2800,9000,4,5,0,0,0,1,0,1,2,,,,,,,,,,,,,,,,,,,,,,,,,,,1,,
859257,1,1000,2016,5000,3,,1,0,0,0,0,,2,,,,,,,,,,,,,,,,,,,,,,,,,,,2,,
859263,2,2000,200,2200,2,,0,0,0,1,0,1,2,,,,,,,,,,,,,,,,,,,,,,,,,,,2,,
859282,1,5000,50,6000,2,,0,0,0,1,0,1,2,,,,,,,,,,,,,,,,,,,,,,,,,,,2,,
859294,1,9000,2500,13000,5,,0,0,0,1,0,1,2,,,,,,,,,,,,,,,,,,,,,,,,,,,2,,
859295,4,9000,1000,10000,10,,0,0,0,1,0,1,2,,,,,,,,,,,,,,,,,,,,,,,,,,,2,,
859306,1,20000,3600,20000,7,,0,0,0,1,0,1,2,,,,,,,,,,,,,,,,,,,,,,,,,,,2,,
859464,1,2700,7200,20000,3,,0,0,0,1,0,1,2,,,,,,,,,,,,,,,,,,,,,,,,,,,2,,
859575,1,9164,240,10080,3,,0,0,0,1,0,2,2,,,,,,,,,,,,,,,,,,,,,,,,,,,2,,
859584,1,5000,250,5000,3,,1,0,0,0,0,,2,,,,,,,,,,,,,,,,,,,,,,,,,,,2,,
859585,1,3000,300,12500,4,0,0,0,0,1,0,1,2,,,,,,,,,,,,,,,,,,,,,,,,,,,1,,
859587,1,9000,250,9000,3,0,0,0,0,1,0,1,2,,,,,,,,,,,,,,,,,,,,,,,,,,,1,,
859619,1,2000,254,4000,2,*,1,0,0,0,0,,2,,,,,,,,,,,,,,,,,,,,,,,,,,,1,,
859668,2,10000,3600,10000,5,,0,0,0,1,0,1,2,,,,,,,,,,,,,,,,,,,,,,,,,,,2,,
859715,1,2200,200,10000,4,,1,0,0,0,0,,2,,,,,,,,,,,,,,,,,,,,,,,,,,,2,,
859732,1,2700,3200,15000,6,,1,0,0,0,0,,2,,,,,,,,,,,,,,,,,,,,,,,,,,,2,,
859740,2,900,300,1200,1,0,0,0,0,1,0,1,2,,,,,,,,,,,,,,,,,,,,,,,,,,,1,,
859754,1,6500,2500,14000,5,,0,0,0,1,0,1,2,,,,,,,,,,,,,,,,,,,,,,,,,,,2,,
859804,1,3000,600,3000,4,,0,0,0,1,0,1,2,,,,,,,,,,,,,,,,,,,,,,,,,,,2,,
859845,1,9000,281,12500,5,,0,0,0,1,0,1,2,,,,,,,,,,,,,,,,,,,,,,,,,,,2,,
859856,1,4000,200,5000,3,,0,0,0,1,0,1,2,,,,,,,,,,,,,,,,,,,,,,,,,,,2,,
860014,1,3000,1680,3000,24,,1,0,0,0,0,,2,,,,,,,,,,,,,,,,,,,,,,,,,,,2,,
860022,1,7000,2800,9000,5,4,0,0,0,1,0,1,2,,,,,,,,,,,,,,,,,,,,,,,,,,,1,,
860094,1,500,1500,4000,2,,1,0,0,0,0,,3,,,,,,,,,,,,,,,,,,,,,,,,,,,2,,
860160,2,2500,3000,6000,3,0,0,0,0,1,0,1,2,,,,,,,,,,,,,,,,,,,,,,,,,,,1,,
860167,1,6500,4000,10000,3,,0,0,0,1,0,1,2,,,,,,,,,,,,,,,,,,,,,,,,,,,2,,
860227,4,7000,2000,15000,9,,0,0,0,1,0,1,2,,,,,,,,,,,,,,,,,,,,,,,,,,,2,,
860276,1,10000,280,10000,4,5,0,0,1,0,0,,2,,,,,,,,,,,,,,,,,,,,,,,,,,,1,,
860281,1,37000,6500,38500,4,5,1,0,0,0,0,,2,,,,,,,,,,,,,,,,,,,,,,,,,,,1,,
860285,1,5000,2400,10000,5,,1,0,0,0,0,,2,,,,,,,,,,,,,,,,,,,,,,,,,,,2,,
860352,1,8000,480,8000,7,,0,0,0,1,0,1,2,,,,,,,,,,,,,,,,,,,,,,,,,,,2,,
860370,2,2500,780,2500,2,,0,0,0,1,0,1,2,,,,,,,,,,,,,,,,,,,,,,,,,,,2,,
860376,1,4000,2000,6000,4,,0,0,0,1,0,1,2,,,,,,,,,,,,,,,,,,,,,,,,,,,2,,
860399,1,1200,1080,5000,5,,1,0,0,0,0,,2,2,500,550,1000,2,,0,0,0,1,0,1,2,,,,,,,,,,,,,,2,2,
860499,1,2000,1200,2400,2,,0,0,0,1,0,1,2,,,,,,,,,,,,,,,,,,,,,,,,,,,2,,
860572,2,100,1180,1200,1,8,1,0,0,0,0,,2,,,,,,,,,,,,,,,,,,,,,,,,,,,1,,
860573,1,6000,2200,10000,5,,1,0,0,0,0,,2,,,,,,,,,,,,,,,,,,,,,,,,,,,2,,
860702,1,6000,2400,12000,6,,1,0,0,0,0,,2,,,,,,,,,,,,,,,,,,,,,,,,,,,2,,
860704,1,4000,2200,10000,9,,1,0,0,0,0,,2,,,,,,,,,,,,,,,,,,,,,,,,,,,2,,
860776,4,8000,3000,11000,4,,0,0,0,1,0,1,2,,,,,,,,,,,,,,,,,,,,,,,,,,,2,,
860780,1,4000,2000,6000,3,,0,0,0,1,0,1,2,,,,,,,,,,,,,,,,,,,,,,,,,,,2,,
861008,4,50,4000,10000,3,,0,0,0,1,0,1,2,,,,,,,,,,,,,,,,,,,,,,,,,,,2,,
861027,1,12000,3600,15000,4,,0,0,0,1,0,1,2,1,7000,6500,30000,5,,0,0,0,1,0,1,2,,,,,,,,,,,,,,2,2,
861114,1,12000,6000,23000,5,,0,0,0,1,0,1,2,,,,,,,,,,,,,,,,,,,,,,,,,,,2,,
861136,1,6000,12000,7000,3,4,0,0,0,1,0,1,2,,,,,,,,,,,,,,,,,,,,,,,,,,,1,,
861225,1,6200,2400,10000,7,,0,0,0,1,0,1,2,,,,,,,,,,,,,,,,,,,,,,,,,,,2,,
861281,4,10000,5040,20000,7,,0,1,0,0,0,,2,,,,,,,,,,,,,,,,,,,,,,,,,,,2,,
861339,3,550,2400,2950,1,,0,0,0,1,0,1,2,,,,,,,,,,,,,,,,,,,,,,,,,,,2,,
861412,4,4000,1700,8000,5,,0,0,0,0,1,,1,4,2000,1500,6000,5,,0,0,0,0,1,,1,,,,,,,,,,,,,,2,2,
861435,2,700,1050,1800,3,,0,0,0,1,0,1,2,,,,,,,,,,,,,,,,,,,,,,,,,,,2,,
861452,1,1000,1000,10000,5,,0,0,0,1,0,1,2,,,,,,,,,,,,,,,,,,,,,,,,,,,2,,
861469,1,6000,3000,8000,3,,0,0,0,1,0,1,2,1,5000,3200,11000,4,,0,0,0,1,0,1,2,1,2600,2400,11000,5,,0,0,0,1,0,1,2,2,2,2
861475,1,13000,8000,30000,5,,0,0,0,1,0,1,2,,,,,,,,,,,,,,,,,,,,,,,,,,,2,,
861476,1,3500,3500,13000,7,*,0,0,0,1,0,1,2,,,,,,,,,,,,,,,,,,,,,,,,,,,1,,
861482,1,5800,3096,10000,4,,0,0,0,1,0,1,2,,,,,,,,,,,,,,,,,,,,,,,,,,,2,,
861489,1,5000,3000,7000,3,0,0,0,0,1,0,1,2,,,,,,,,,,,,,,,,,,,,,,,,,,,1,,
861502,1,6000,1920,8000,4,,1,0,0,0,0,,3,,,,,,,,,,,,,,,,,,,,,,,,,,,2,,
861519,1,14400,4000,18000,2,,0,0,0,1,0,1,2,,,,,,,,,,,,,,,,,,,,,,,,,,,2,,
861698,2,700,650,1300,1,9,1,0,0,0,0,,2,,,,,,,,,,,,,,,,,,,,,,,,,,,1,,
861858,2,700,850,1500,1,6,1,0,0,0,0,,2,,,,,,,,,,,,,,,,,,,,,,,,,,,1,,
861962,1,2500,3000,10000,4,,0,0,0,1,0,1,2,2,350,150,500,1,0,0,0,0,1,0,1,2,,,,,,,,,,,,,,2,1,
862095,1,10000,6500,19000,2,,1,0,0,0,0,,2,,,,,,,,,,,,,,,,,,,,,,,,,,,2,,
862100,1,1000,11000,10000,4,,1,0,0,0,0,,2,4,8000,2000,10000,4,,0,0,0,1,0,2,2,,,,,,,,,,,,,,2,2,
862201,1,3200,2400,10000,5,,0,0,0,1,0,1,2,,,,,,,,,,,,,,,,,,,,,,,,,,,2,,
862302,1,4000,4800,15000,5,,0,0,0,1,0,1,2,,,,,,,,,,,,,,,,,,,,,,,,,,,2,,
862312,4,1000,2830,3000,2,,0,0,0,0,1,,2,,,,,,,,,,,,,,,,,,,,,,,,,,,2,,
862314,4,60000,590,65000,10,,0,0,0,1,0,1,2,,,,,,,,,,,,,,,,,,,,,,,,,,,2,,
862395,2,140,420,1500,3,,0,0,0,1,0,1,2,,,,,,,,,,,,,,,,,,,,,,,,,,,2,,
862462,4,4000,1300,5000,3,,0,0,0,1,0,1,2,,,,,,,,,,,,,,,,,,,,,,,,,,,2,,
862582,1,20000,5400,25000,5,9,0,0,0,1,0,1,2,,,,,,,,,,,,,,,,,,,,,,,,,,,1,,
862646,2,700,650,1900,4,6,1,0,0,0,0,,2,,,,,,,,,,,,,,,,,,,,,,,,,,,1,,
862658,1,800,800,2500,4,7,1,0,0,0,0,,2,,,,,,,,,,,,,,,,,,,,,,,,,,,1,,
862690,1,6000,707,6700,5,,0,0,0,0,1,,1,,,,,,,,,,,,,,,,,,,,,,,,,,,2,,
862752,1,5000,2000,7000,3,7,0,0,0,1,0,1,2,,,,,,,,,,,,,,,,,,,,,,,,,,,1,,
862759,1,10120,3036,17000,5,,0,0,0,1,0,1,2,,,,,,,,,,,,,,,,,,,,,,,,,,,2,,
862854,1,20000,4500,20000,5,,1,0,0,0,0,,2,,,,,,,,,,,,,,,,,,,,,,,,,,,2,,
862855,4,4600,400,5000,2,,0,0,0,1,0,1,2,,,,,,,,,,,,,,,,,,,,,,,,,,,2,,
862890,1,4200,2400,9000,9,,1,0,0,0,0,,2,,,,,,,,,,,,,,,,,,,,,,,,,,,2,,
862918,1,4000,2000,8000,4,,1,0,0,0,0,,2,2,3000,1250,5000,4,,1,0,0,0,0,,2,,,,,,,,,,,,,,2,2,
862979,1,5100,180,8000,5,,0,0,0,1,0,1,2,,,,,,,,,,,,,,,,,,,,,,,,,,,2,,
862999,1,5000,182,8000,4,,0,0,0,1,0,1,2,,,,,,,,,,,,,,,,,,,,,,,,,,,2,,
863000,2,2000,100,5000,6,,0,0,0,1,0,1,2,,,,,,,,,,,,,,,,,,,,,,,,,,,2,,
863005,1,2000,170,3000,4,,0,0,0,1,0,1,2,,,,,,,,,,,,,,,,,,,,,,,,,,,2,,
863045,2,3000,2500,8000,3,0,1,0,0,0,0,,2,,,,,,,,,,,,,,,,,,,,,,,,,,,1,,
863055,4,3000,1680,5000,3,,0,0,0,1,0,1,2,4,3500,1680,5000,3,,0,0,0,1,0,1,2,,,,,,,,,,,,,,2,2,
863062,2,200,1400,3000,2,0,0,0,0,1,0,1,2,,,,,,,,,,,,,,,,,,,,,,,,,,,1,,
863157,2,2000,1200,3000,2,0,0,0,0,1,0,1,2,,,,,,,,,,,,,,,,,,,,,,,,,,,1,,
863189,1,15800,1200,17000,7,,0,0,0,1,0,2,2,,,,,,,,,,,,,,,,,,,,,,,,,,,2,,
863298,1,5000,2500,14000,5,,0,0,0,1,0,1,2,,,,,,,,,,,,,,,,,,,,,,,,,,,2,,
863402,1,6000,2500,10000,5,,0,0,0,1,0,1,2,,,,,,,,,,,,,,,,,,,,,,,,,,,2,,
863472,1,4600,3456,10000,4,,1,0,0,0,0,,2,,,,,,,,,,,,,,,,,,,,,,,,,,,2,,
863494,1,4200,3000,10000,4,,1,0,0,0,0,,1,,,,,,,,,,,,,,,,,,,,,,,,,,,2,,
863598,2,500,750,1200,1,6,1,0,0,0,0,,2,,,,,,,,,,,,,,,,,,,,,,,,,,,1,,
863681,1,4260,1420,7100,5,,0,0,0,1,0,1,2,,,,,,,,,,,,,,,,,,,,,,,,,,,2,,
863715,2,1000,600,1000,2,,0,0,0,1,0,1,2,,,,,,,,,,,,,,,,,,,,,,,,,,,2,,
863716,4,5000,200,5000,5,,0,0,0,1,0,2,1,,,,,,,,,,,,,,,,,,,,,,,,,,,2,,
863719,4,3000,1100,3000,3,,0,0,0,1,0,1,1,,,,,,,,,,,,,,,,,,,,,,,,,,,2,,
863817,2,1000,580,2000,36,0,0,0,0,1,0,1,2,,,,,,,,,,,,,,,,,,,,,,,,,,,1,,
863867,2,6000,2600,6000,5,,0,0,0,1,0,1,2,,,,,,,,,,,,,,,,,,,,,,,,,,,2,,
864049,1,14000,3000,14000,6,,0,0,0,1,0,1,2,,,,,,,,,,,,,,,,,,,,,,,,,,,2,,
864226,4,12000,2400,12000,8,,0,0,0,1,0,1,2,,,,,,,,,,,,,,,,,,,,,,,,,,,2,,
864231,1,1000,2400,7000,3,,0,0,0,1,0,1,2,,,,,,,,,,,,,,,,,,,,,,,,,,,2,,
864396,1,3000,1800,4500,3,,1,0,0,0,0,,3,,,,,,,,,,,,,,,,,,,,,,,,,,,2,,
864409,1,10000,4200,30000,7,,1,0,0,0,0,,2,,,,,,,,,,,,,,,,,,,,,,,,,,,2,,
864423,1,7000,7000,25000,5,,1,0,0,0,0,,2,,,,,,,,,,,,,,,,,,,,,,,,,,,2,,
864426,1,12600,2400,15000,5,,0,0,0,1,0,1,2,,,,,,,,,,,,,,,,,,,,,,,,,,,2,,
864431,1,20000,3600,22000,6,,1,0,0,0,0,,2,2,700,1500,5000,3,,0,0,0,1,0,1,3,,,,,,,,,,,,,,2,2,
864434,1,29000,7200,35000,5,,1,0,0,0,0,,2,2,2000,3600,9000,3,,0,0,0,1,0,1,2,,,,,,,,,,,,,,2,2,
864445,1,11000,2100,11000,5,,1,0,0,0,0,,3,,,,,,,,,,,,,,,,,,,,,,,,,,,2,,
864460,2,700,1800,5400,3,,0,0,0,1,0,1,2,,,,,,,,,,,,,,,,,,,,,,,,,,,2,,
864462,1,9000,1500,12000,8,,1,0,0,0,0,,2,2,2000,600,7000,7,,0,0,0,1,0,1,2,,,,,,,,,,,,,,2,2,
864474,2,200,2100,3000,1,,0,0,0,1,0,1,2,,,,,,,,,,,,,,,,,,,,,,,,,,,2,,
864479,4,900,100,1000,10,,0,0,0,1,0,2,2,4,1000,100,1000,10,,0,0,0,1,0,2,2,,,,,,,,,,,,,,2,2,
864482,1,10000,320,10100,4,,0,0,0,1,0,1,1,4,6000,2400,6000,3,,0,0,0,1,0,1,2,,,,,,,,,,,,,,2,2,
864498,1,40000,6900,49000,10,8,0,0,0,1,0,1,2,4,6000,3500,15000,6,9,0,0,0,1,0,1,1,,,,,,,,,,,,,,1,1,
864500,4,7000,2200,15000,6,,0,0,0,1,0,1,2,,,,,,,,,,,,,,,,,,,,,,,,,,,2,,
864504,2,100,400,550,1,0,0,0,0,1,0,1,2,,,,,,,,,,,,,,,,,,,,,,,,,,,1,,
864506,1,400,1200,3000,3,,0,0,0,1,0,1,2,2,100,600,1500,3,,0,0,0,1,0,1,2,,,,,,,,,,,,,,2,2,
864525,4,5500,6600,22000,4,9,0,0,0,1,0,1,2,,,,,,,,,,,,,,,,,,,,,,,,,,,1,,
864561,1,33000,12000,57000,5,,0,0,0,1,0,1,2,1,12000,2400,15000,5,,0,0,0,1,0,1,2,,,,,,,,,,,,,,2,2,
864606,1,9000,1800,11400,5,,1,0,0,0,0,,3,,,,,,,,,,,,,,,,,,,,,,,,,,,2,,
864706,1,6000,2400,12000,5,,0,0,0,1,0,1,2,,,,,,,,,,,,,,,,,,,,,,,,,,,2,,
864993,1,9000,3800,18000,6,6,0,0,0,1,0,1,2,,,,,,,,,,,,,,,,,,,,,,,,,,,1,,
865030,2,6600,400,6900,3,,0,1,0,0,0,,2,,,,,,,,,,,,,,,,,,,,,,,,,,,2,,
865032,1,10000,3700,19000,7,,1,0,0,0,0,,2,1,8000,170,8000,5,,1,0,0,0,0,,2,,,,,,,,,,,,,,2,2,
865204,1,1000,3200,5000,3,7,0,0,0,1,0,1,2,,,,,,,,,,,,,,,,,,,,,,,,,,,1,,
865289,4,3000,1800,5000,3,,0,0,0,1,0,1,2,,,,,,,,,,,,,,,,,,,,,,,,,,,2,,
865345,2,1300,1250,3200,3,6,0,0,0,1,0,1,2,4,2000,3000,6000,2,,0,0,0,1,0,2,1,,,,,,,,,,,,,,1,2,
865351,1,9000,7200,10000,3,7,1,0,0,0,0,,2,,,,,,,,,,,,,,,,,,,,,,,,,,,1,,
865357,4,6500,200,15000,5,6,0,0,0,1,0,2,1,,,,,,,,,,,,,,,,,,,,,,,,,,,1,,
865380,2,2000,1000,2000,2,,0,0,0,0,1,,2,,,,,,,,,,,,,,,,,,,,,,,,,,,2,,
865397,1,1500,9000,35000,5,6,1,0,0,0,0,,2,,,,,,,,,,,,,,,,,,,,,,,,,,,1,,
865521,1,800,390,11000,8,,0,1,0,0,0,,2,,,,,,,,,,,,,,,,,,,,,,,,,,,2,,
865544,2,6000,3000,12000,10,,1,0,0,0,0,,2,,,,,,,,,,,,,,,,,,,,,,,,,,,2,,
865571,1,2000,3000,5000,2,,1,0,0,0,0,,2,,,,,,,,,,,,,,,,,,,,,,,,,,,2,,
865609,1,2750,3000,10000,4,,0,0,0,1,0,1,2,,,,,,,,,,,,,,,,,,,,,,,,,,,2,,
865769,1,4000,4500,10000,3,,0,0,0,1,0,1,2,,,,,,,,,,,,,,,,,,,,,,,,,,,2,,
865780,1,4000,300,9000,3,,0,0,0,1,0,1,2,,,,,,,,,,,,,,,,,,,,,,,,,,,2,,
865813,2,33200,6800,40000,10,5,0,0,0,1,0,2,2,,,,,,,,,,,,,,,,,,,,,,,,,,,1,,
865825,1,7200,3840,15000,4,,0,0,0,1,0,1,2,,,,,,,,,,,,,,,,,,,,,,,,,,,2,,
865830,1,5910,1182,7092,3,,1,0,0,0,0,,2,,,,,,,,,,,,,,,,,,,,,,,,,,,2,,
865905,1,1800,1800,1800,4,7,1,0,0,0,0,,2,,,,,,,,,,,,,,,,,,,,,,,,,,,1,,
865912,2,200,400,1100,3,6,1,0,0,0,0,,2,,,,,,,,,,,,,,,,,,,,,,,,,,,1,,
865999,1,10000,3000,15000,6,,0,0,0,1,0,1,2,2,3000,700,3200,3,,0,0,0,1,0,1,2,,,,,,,,,,,,,,2,2,
866025,1,7000,4800,20000,5,,0,0,0,1,0,1,2,,,,,,,,,,,,,,,,,,,,,,,,,,,2,,
866035,1,11000,9000,25000,5,,0,0,0,1,0,1,1,,,,,,,,,,,,,,,,,,,,,,,,,,,2,,
866044,1,4000,7000,14000,2,,0,0,0,1,0,1,2,,,,,,,,,,,,,,,,,,,,,,,,,,,2,,
866059,2,25000,3000,30000,10,4,0,0,0,1,0,2,2,,,,,,,,,,,,,,,,,,,,,,,,,,,1,,
866063,2,20000,700,21000,8,3,0,0,0,1,0,1,2,,,,,,,,,,,,,,,,,,,,,,,,,,,1,,
866064,1,800,3300,14000,7,,0,0,0,1,0,1,2,,,,,,,,,,,,,,,,,,,,,,,,,,,2,,
866070,1,3000,340,9500,3,,0,0,0,1,0,1,2,,,,,,,,,,,,,,,,,,,,,,,,,,,2,,
866071,1,22000,250,24000,5,1,0,0,0,1,0,1,2,,,,,,,,,,,,,,,,,,,,,,,,,,,1,,
866088,1,10000,3000,13000,3,7,0,0,0,1,0,1,2,,,,,,,,,,,,,,,,,,,,,,,,,,,1,,
866128,1,600,3600,15000,5,,1,0,0,0,0,,2,,,,,,,,,,,,,,,,,,,,,,,,,,,2,,
866144,1,12500,107,12500,10,7,1,0,0,0,0,,2,,,,,,,,,,,,,,,,,,,,,,,,,,,1,,
866299,1,7300,2724,10000,4,,0,0,0,1,0,1,2,,,,,,,,,,,,,,,,,,,,,,,,,,,2,,
866387,1,4300,2150,8500,4,,0,0,0,1,0,1,2,,,,,,,,,,,,,,,,,,,,,,,,,,,2,,
866441,1,3000,1500,4500,3,,0,0,0,1,0,1,2,,,,,,,,,,,,,,,,,,,,,,,,,,,2,,
866446,4,12000,6000,16000,5,,0,0,0,1,0,1,1,,,,,,,,,,,,,,,,,,,,,,,,,,,2,,
866463,2,10000,20000,50000,3,,0,0,0,1,0,2,2,,,,,,,,,,,,,,,,,,,,,,,,,,,2,,
866470,2,250,220,500,2,0,0,0,0,1,0,1,2,,,,,,,,,,,,,,,,,,,,,,,,,,,1,,
866490,1,10000,3000,15000,6,,0,0,0,1,0,1,2,,,,,,,,,,,,,,,,,,,,,,,,,,,2,,
866496,1,4000,236,4000,18,*,1,0,0,0,0,,2,2,300,99,1000,12,,0,0,0,0,1,,2,,,,,,,,,,,,,,1,2,
866497,1,1800,2640,12000,5,,0,0,0,1,0,1,2,,,,,,,,,,,,,,,,,,,,,,,,,,,2,,
866507,2,400,530,900,2,,0,0,0,1,0,1,2,,,,,,,,,,,,,,,,,,,,,,,,,,,2,,
866523,4,15000,7000,26000,4,,0,0,0,1,0,1,2,,,,,,,,,,,,,,,,,,,,,,,,,,,2,,
866528,1,15000,2160,17000,7,,0,1,0,0,0,,2,4,10000,120,10000,7,,0,1,0,0,0,,2,,,,,,,,,,,,,,2,2,
866552,4,13000,4280,15000,6,,0,0,0,0,1,,2,,,,,,,,,,,,,,,,,,,,,,,,,,,2,,
866597,1,4900,1000,5400,2,7,0,0,0,1,0,1,2,,,,,,,,,,,,,,,,,,,,,,,,,,,1,,
866625,2,2000,200,2000,1,,0,0,0,1,0,1,2,,,,,,,,,,,,,,,,,,,,,,,,,,,2,,
866686,1,3000,50,16000,4,8,0,0,0,1,0,1,2,,,,,,,,,,,,,,,,,,,,,,,,,,,1,,
866734,2,1000,500,1500,3,,0,0,0,1,0,1,2,,,,,,,,,,,,,,,,,,,,,,,,,,,2,,
866818,1,11000,3950,14000,5,8,0,0,0,1,0,1,2,,,,,,,,,,,,,,,,,,,,,,,,,,,1,,
866829,1,6500,2500,9000,3,,0,0,0,1,0,1,2,,,,,,,,,,,,,,,,,,,,,,,,,,,2,,
866940,4,20000,6000,25000,10,,0,0,0,0,1,,2,,,,,,,,,,,,,,,,,,,,,,,,,,,2,,
866946,4,1000,700,2000,2,,1,0,0,0,0,,2,4,30000,5000,30000,7,,0,0,0,1,0,1,2,,,,,,,,,,,,,,2,2,
867224,4,250,2000,4000,4,,0,0,0,1,0,1,2,,,,,,,,,,,,,,,,,,,,,,,,,,,2,,
867304,1,10000,3670,15000,4,7,1,0,0,0,0,,2,,,,,,,,,,,,,,,,,,,,,,,,,,,1,,
867383,2,3500,1680,6500,5,,0,0,0,1,0,1,2,,,,,,,,,,,,,,,,,,,,,,,,,,,2,,
867462,1,14400,3100,17000,7,,0,0,0,1,0,1,2,,,,,,,,,,,,,,,,,,,,,,,,,,,2,,
867497,2,110,1210,1300,1,,1,0,0,0,0,,2,,,,,,,,,,,,,,,,,,,,,,,,,,,2,,
867603,2,200,400,800,1,,1,0,0,0,0,,2,,,,,,,,,,,,,,,,,,,,,,,,,,,2,,
867608,2,600,600,1140,1,,1,0,0,0,0,,2,,,,,,,,,,,,,,,,,,,,,,,,,,,2,,
867612,2,500,500,1500,2,5,1,0,0,0,0,,2,,,,,,,,,,,,,,,,,,,,,,,,,,,1,,
867627,4,19000,3000,25000,12,,0,0,0,0,1,,2,4,19000,3000,25000,10,,0,0,0,0,1,,3,,,,,,,,,,,,,,2,2,
867639,1,5320,3800,9000,2,,0,0,0,1,0,1,2,1,9750,2500,13500,4,,0,0,0,1,0,1,2,,,,,,,,,,,,,,2,2,
867802,1,7200,2400,10000,5,,1,0,0,0,0,,2,,,,,,,,,,,,,,,,,,,,,,,,,,,2,,
867839,1,2300,2328,8000,4,7,0,0,0,1,0,1,2,4,650,475,1000,1,7,0,0,0,1,0,1,2,,,,,,,,,,,,,,1,1,
867876,1,2500,1920,5000,3,,0,0,0,1,0,1,2,2,50,500,694,1,,0,0,0,1,0,1,2,,,,,,,,,,,,,,2,2,
867904,4,3000,3000,15000,5,,0,0,0,0,1,,2,,,,,,,,,,,,,,,,,,,,,,,,,,,2,,
867914,1,15000,3400,18000,6,,1,0,0,0,0,,2,,,,,,,,,,,,,,,,,,,,,,,,,,,2,,
867921,4,8200,2500,10000,5,,0,1,0,0,0,,2,,,,,,,,,,,,,,,,,,,,,,,,,,,2,,
867993,2,200,1000,1290,1,,1,0,0,0,0,,2,,,,,,,,,,,,,,,,,,,,,,,,,,,2,,
868064,1,12000,4000,22000,8,,0,0,0,1,0,1,2,,,,,,,,,,,,,,,,,,,,,,,,,,,2,,
868109,1,5500,1800,6000,5,,0,0,0,1,0,1,2,,,,,,,,,,,,,,,,,,,,,,,,,,,2,,
868118,1,3500,6000,25000,5,,0,0,0,1,0,1,2,,,,,,,,,,,,,,,,,,,,,,,,,,,2,,
868124,1,10000,217,10100,4,7,0,0,0,0,1,,2,,,,,,,,,,,,,,,,,,,,,,,,,,,1,,
868136,1,6000,2800,10000,6,,0,0,0,1,0,1,2,,,,,,,,,,,,,,,,,,,,,,,,,,,2,,
868147,1,2000,1800,6000,4,,0,0,0,1,0,1,2,,,,,,,,,,,,,,,,,,,,,,,,,,,2,,
868164,2,1000,300,1400,1,,0,0,0,1,0,1,2,,,,,,,,,,,,,,,,,,,,,,,,,,,2,,
868264,2,550,750,1300,1,0,0,0,0,1,0,1,2,,,,,,,,,,,,,,,,,,,,,,,,,,,1,,
868280,1,15000,3000,18000,7,,1,0,0,0,0,,2,,,,,,,,,,,,,,,,,,,,,,,,,,,2,,
868305,1,3500,350,3500,1,,1,0,0,0,0,,2,,,,,,,,,,,,,,,,,,,,,,,,,,,2,,
868402,4,10000,110,10000,10,1,0,0,0,1,0,1,1,,,,,,,,,,,,,,,,,,,,,,,,,,,1,,
868452,1,8000,3600,15000,5,,0,0,0,1,0,1,2,,,,,,,,,,,,,,,,,,,,,,,,,,,2,,
868466,1,1500,1200,2500,2,,0,0,0,1,0,1,2,,,,,,,,,,,,,,,,,,,,,,,,,,,2,,
868477,1,1300,1800,9000,5,,0,0,0,1,0,1,2,,,,,,,,,,,,,,,,,,,,,,,,,,,2,,
868478,1,22000,7000,25000,5,,0,0,0,1,0,1,2,,,,,,,,,,,,,,,,,,,,,,,,,,,2,,
868482,1,9000,2500,13400,5,6,0,0,0,1,0,1,2,1,2300,1000,3000,3,,0,0,0,1,0,1,2,,,,,,,,,,,,,,1,2,
868564,1,3000,2400,7000,3,5,0,0,0,1,0,1,2,1,4000,2000,6000,3,5,0,0,0,1,0,1,2,,,,,,,,,,,,,,1,1,
868583,1,5200,2660,12000,5,3,0,0,0,1,0,1,2,,,,,,,,,,,,,,,,,,,,,,,,,,,1,,
868689,2,15000,4000,16000,6,6,1,0,0,0,0,,2,,,,,,,,,,,,,,,,,,,,,,,,,,,1,,
868748,1,15000,9000,40000,5,4,0,0,0,1,0,1,2,,,,,,,,,,,,,,,,,,,,,,,,,,,1,,
868761,1,4200,1920,5000,3,0,0,0,0,1,0,1,2,,,,,,,,,,,,,,,,,,,,,,,,,,,1,,
868764,1,7000,2800,10000,5,,0,0,0,1,0,1,2,,,,,,,,,,,,,,,,,,,,,,,,,,,2,,
868767,4,8000,4000,15000,5,7,0,0,0,1,0,1,2,,,,,,,,,,,,,,,,,,,,,,,,,,,1,,
868772,4,8000,2500,12000,5,5,0,0,0,1,0,2,2,,,,,,,,,,,,,,,,,,,,,,,,,,,1,,
868777,1,5000,4000,9800,3,0,0,0,0,1,0,1,2,,,,,,,,,,,,,,,,,,,,,,,,,,,1,,
868790,4,5000,160,5000,4,,0,0,0,1,0,2,1,,,,,,,,,,,,,,,,,,,,,,,,,,,2,,
868832,2,6000,600,6500,1,,0,0,0,1,0,1,2,,,,,,,,,,,,,,,,,,,,,,,,,,,2,,
868833,4,5000,3000,5000,2,,0,0,0,1,0,1,2,,,,,,,,,,,,,,,,,,,,,,,,,,,2,,
868841,1,5000,2800,13500,5,,0,0,0,1,0,1,2,,,,,,,,,,,,,,,,,,,,,,,,,,,2,,
868842,1,5400,2700,14000,6,,0,0,0,1,0,1,2,,,,,,,,,,,,,,,,,,,,,,,,,,,2,,
869003,1,2500,2400,10000,5,,0,0,0,1,0,1,2,,,,,,,,,,,,,,,,,,,,,,,,,,,2,,
869007,1,2500,500,3000,3,,0,0,0,1,0,1,2,,,,,,,,,,,,,,,,,,,,,,,,,,,2,,
869018,2,1000,1200,1000,1,,0,0,0,1,0,1,2,,,,,,,,,,,,,,,,,,,,,,,,,,,2,,
869020,1,3000,3000,12000,4,,0,0,0,1,0,1,2,,,,,,,,,,,,,,,,,,,,,,,,,,,2,,
869021,2,2500,500,3000,6,0,0,0,0,1,0,1,2,,,,,,,,,,,,,,,,,,,,,,,,,,,1,,
869034,1,2640,1080,3000,4,,0,0,0,1,0,1,2,,,,,,,,,,,,,,,,,,,,,,,,,,,2,,
869035,1,11000,3600,18000,5,,0,0,0,1,0,1,2,2,9000,3000,14000,5,,0,0,0,1,0,1,2,1,4300,1200,6000,5,,0,0,0,1,0,1,2,2,2,2
