nquest,tdebita11,tmutuoab11,mutuoag11,mutuoin11,anmutuo11,mutuodu11,tipotax11,tdebita12,tmutuoab12,mutuoag12,mutuoin12,anmutuo12,mutuodu12,tipotax12,tdebita13,tmutuoab13,mutuoag13,mutuoin13,anmutuo13,mutuodu13,tipotax13,tdebita21,tmutuoab21,mutuoag21,mutuoin21,anmutuo21,mutuodu21,tipotax21,tdebita22,tmutuoab22,mutuoag22,mutuoin22,anmutuo22,mutuodu22,tipotax22,tdebita23,tmutuoab23,mutuoag23,mutuoin23,anmutuo23,mutuodu23,tipotax23,taxfis11,taxvar11,taxfis21,taxvar21,taxfis12,taxvar12,taxfis22,taxvar22,taxfis13,taxvar13,taxfis23,taxvar23
8954,,,,,,,,,,,,,,,,,,,,,,115000,12600,2,140000,2004,20,1,,,,,,,,,,,,,,,,,4.5,,,,,,,,,
20231,198000,10400,1,200000,2008,20,2,,,,,,,,,,,,,,,,,,,,,,,,,,,,,,,,,,,,,4.7,,,,,,,,,,
22353,,,,,,,,,,,,,,,,,,,,,,5000,3200,1,20000,2005,6,1,,,,,,,,,,,,,,,,,1.05,,,,,,,,,
22624,660,2200,3,10000,2004,5,1,,,,,,,,,,,,,,,,,,,,,,,,,,,,,,,,,,,,0,,,,,,,,,,,
24080,9500,10000,1,45000,1999,10,1,,,,,,,,,,,,,,,,,,,,,,,,,,,,,,,,,,,,2.8,,,,,,,,,,,
24374,4000,4000,1,13000,2006,3,1,,,,,,,,,,,,,,,,,,,,,,,,,,,,,,,,,,,,3.05,,,,,,,,,,,
24924,,,,,,,,,,,,,,,,,,,,,,150000,14400,2,180000,2006,15,2,,,,,,,,,,,,,,,,,,5,,,,,,,,
25245,50000,6000,1,62000,2002,20,1,,,,,,,,,,,,,,,,,,,,,,,,,,,,,,,,,,,,5,,,,,,,,,,,
25723,50000,6000,2,50000,2007,10,1,,,,,,,,,,,,,,,,,,,,,,,,,,,,,,,,,,,,5.5,,,,,,,,,,,
27224,,,,,,,,,,,,,,,,,,,,,,20000,2400,2,30000,2003,15,1,,,,,,,,,,,,,,,,,5,,,,,,,,,
27734,7000,3500,2,25000,2003,10,1,,,,,,,,,,,,,,,,,,,,,,,,,,,,,,,,,,,,6,,,,,,,,,,,
28100,43000,3000,1,100000,2000,15,1,,,,,,,,,,,,,,,,,,,,,,,,,,,,,,,,,,,,3.8,,,,,,,,,,,
29006,12000,5400,2,30000,2007,5,2,,,,,,,,,,,,,,,,,,,,,,,,,,,,,,,,,,,,,5.05,,,,,,,,,,
29687,35000,3500,1,65000,1994,20,2,,,,,,,,,,,,,,,,,,,,,,,,,,,,,,,,,,,,,4.05,,,,,,,,,,
29742,,,,,,,,,,,,,,,,,,,,,,60000,7800,2,85000,2003,15,1,,,,,,,,,,,,,,,,,4.5,,,,,,,,,
31560,15400,3400,2,60000,2003,10,2,,,,,,,,,,,,,,,,,,,,,,,,,,,,,,,,,,,,,0,,,,,,,,,,
31641,36000,7200,1,72000,2003,10,2,,,,,,,,,,,,,,,,,,,,,,,,,,,,,,,,,,,,,4.1,,,,,,,,,,
31671,,,,,,,,,,,,,,,,,,,,,,75000,700,3,75000,2008,13,1,,,,,,,,,,,,,,,,,4.05,,,,,,,,,
31695,18000,3600,2,22000,2006,7,1,,,,,,,,,,,,,,,,,,,,,,,,,,,,,,,,,,,,9,,,,,,,,,,,
31860,28000,6600,1,60000,1999,15,2,15000,3600,1,25000,2006,6,1,,,,,,,,,,,,,,,,,,,,,,,,,,,,,,5.7,,,5.7,,,,,,,
32001,,,,,,,,,,,,,,,,,,,,,,15000,3000,2,20000,2005,8,1,,,,,,,,,,,,,,,,,7,,,,,,,,,
32139,3400,2100,1,26000,1991,20,1,,,,,,,,,,,,,,,,,,,,,,,,,,,,,,,,,,,,10,,,,,,,,,,,
32209,4500,4400,3,25000,2000,10,1,,,,,,,,,,,,,,,,,,,,,,,,,,,,,,,,,,,,6.5,,,,,,,,,,,
32320,95000,12500,1,150000,2004,17,1,,,,,,,,,,,,,,,,,,,,,,,,,,,,,,,,,,,,5.02,,,,,,,,,,,
32556,,,,,,,,,,,,,,,,,,,,,,13000,3000,1,30000,1997,15,2,,,,,,,,,,,,,,,,,,0,,,,,,,,
32729,,,,,,,,,,,,,,,,,,,,,,80000,9600,2,100000,1998,15,2,,,,,,,,,,,,,,,,,,6.89,,,,,,,,
32772,3000,3000,2,8000,2007,3,2,,,,,,,,,,,,,,,,,,,,,,,,,,,,,,,,,,,,,7.5,,,,,,,,,,
32962,120000,6000,1,140000,2005,20,1,,,,,,,,,,,,,,,,,,,,,,,,,,,,,,,,,,,,3.5,,,,,,,,,,,
33451,10000,1800,2,25000,1993,20,1,,,,,,,,,,,,,,,,,,,,,,,,,,,,,,,,,,,,5,,,,,,,,,,,
33877,30000,8500,1,77000,1998,15,2,,,,,,,,,,,,,,,,,,,,,,,,,,,,,,,,,,,,,4.5,,,,,,,,,,
34199,,,,,,,,,,,,,,,,,,,,,,5700,2900,1,25000,2006,5,1,,,,,,,,,,,,,,,,,10.7,,,,,,,,,
35022,80000,8800,2,120000,2002,20,1,,,,,,,,,,,,,,,,,,,,,,,,,,,,,,,,,,,,5,,,,,,,,,,,
35032,8000,2600,1,30000,1997,15,1,,,,,,,,,,,,,,,,,,,,,,,,,,,,,,,,,,,,4.5,,,,,,,,,,,
35458,50000,7800,2,130000,2004,10,2,,,,,,,,,,,,,,,,,,,,,,,,,,,,,,,,,,,,,4.5,,,,,,,,,,
35508,,,,,,,,,,,,,,,,,,,,,,20000,6000,3,50000,2003,15,2,,,,,,,,,,,,,,,,,,5.2,,,,,,,,
35520,22000,3600,1,90000,1985,30,1,,,,,,,,,,,,,,,,,,,,,,,,,,,,,,,,,,,,4,,,,,,,,,,,
35588,71000,6000,1,86000,2002,15,2,,,,,,,,,,,,,,,,,,,,,,,,,,,,,,,,,,,,,5,,,,,,,,,,
36073,,,,,,,,,,,,,,,,,,,,,,17700,2300,2,20000,2007,7,1,,,,,,,,,,,,,,,,,6,,,,,,,,,
36130,7500,2500,1,10000,2007,5,1,,,,,,,,,,,,,,,,,,,,,,,,,,,,,,,,,,,,7,,,,,,,,,,,
36131,80000,7200,2,103000,2001,25,2,,,,,,,,,,,,,,,,,,,,,,,,,,,,,,,,,,,,,6,,,,,,,,,,
36427,8400,7000,2,75000,1996,12,2,,,,,,,,,,,,,,,,,,,,,,,,,,,,,,,,,,,,,6,,,,,,,,,,
36450,5800,4800,2,37000,2000,10,1,,,,,,,,,,,,,,,,,,,,,,,,,,,,,,,,,,,,4.5,,,,,,,,,,,
37011,12000,6900,1,50000,2000,10,2,,,,,,,,,,,,,,,,,,,,,,,,,,,,,,,,,,,,,5,,,,,,,,,,
37521,20000,2040,1,70000,2002,20,2,,,,,,,,,,,,,,,,,,,,,,,,,,,,,,,,,,,,,0,,,,,,,,,,
37665,120000,10080,1,280000,2000,30,2,,,,,,,,,,,,,,,,,,,,,,,,,,,,,,,,,,,,,5,,,,,,,,,,
38014,20000,2280,1,30000,1998,20,1,,,,,,,,,,,,,,,,,,,,,,,,,,,,,,,,,,,,8,,,,,,,,,,,
38135,,,,,,,,,,,,,,,,,,,,,,30000,2450,2,30000,2005,5,2,,,,,,,,,,,,,,,,,,6,,,,,,,,
38183,16698,5000,2,50000,1996,15,2,,,,,,,,,,,,,,,,,,,,,,,,,,,,,,,,,,,,,4.5,,,,,,,,,,
38272,87000,12800,2,120000,2004,15,2,,,,,,,,,,,,,,,,,,,,,,,,,,,,,,,,,,,,,8.25,,,,,,,,,,
38493,,,,,,,,,,,,,,,,,,,,,,20000,3000,1,50000,2005,10,1,,,,,,,,,,,,,,,,,4,,,,,,,,,
38913,12000,1500,1,15805,2002,15,1,,,,,,,,,,,,,,,,,,,,,,,,,,,,,,,,,,,,3,,,,,,,,,,,
38964,40000,4200,1,60000,2004,20,2,,,,,,,,,,,,,,,,,,,,,,,,,,,,,,,,,,,,,3.25,,,,,,,,,,
39227,,,,,,,,,,,,,,,,,,,,,,500,500,1,6000,1971,40,1,,,,,,,,,,,,,,,,,1,,,,,,,,,
39697,18000,2700,1,65000,1992,25,2,,,,,,,,,,,,,,,,,,,,,,,,,,,,,,,,,,,,,9,,,,,,,,,,
50537,30000,4880,1,50000,2001,15,1,,,,,,,,,,,,,,,,,,,,,,,,,,,,,,,,,,,,5,,,,,,,,,,,
51544,62000,9500,2,80000,2006,15,2,,,,,,,,,,,,,,,,,,,,,,,,,,,,,,,,,,,,,4.5,,,,,,,,,,
51895,5000,1400,3,30000,1999,10,2,,,,,,,,,,,,,,,,,,,,,,,,,,,,,,,,,,,,,4,,,,,,,,,,
53085,,,,,,,,,,,,,,,,,,,,,,11000,10800,2,125000,2006,20,1,,,,,,,,,,,,,,,,,4,,,,,,,,,
53520,30000,3400,2,60000,2001,15,1,,,,,,,,,,,,,,,,,,,,,,,,,,,,,,,,,,,,3,,,,,,,,,,,
53997,,,,,,,,,,,,,,,,,,,,,,75000,8400,2,100000,2006,20,2,,,,,,,,,,,,,,,,,,5,,,,,,,,
54588,40000,6000,3,60000,2003,10,2,,,,,,,,,,,,,,,,,,,,,,,,,,,,,,,,,,,,,5,,,,,,,,,,
56529,80000,16000,1,120000,2004,15,2,,,,,,,,,,,,,,,,,,,,,,,,,,,,,,,,,,,,,6,,,,,,,,,,
56577,8000,3000,2,30000,1999,10,2,,,,,,,,,,,,,,,,,,,,,,,,,,,,,,,,,,,,,5.5,,,,,,,,,,
56686,15000,4900,1,73000,1997,15,1,,,,,,,,,,,,,,,,,,,,,,,,,,,,,,,,,,,,6.5,,,,,,,,,,,
56761,,,,,,,,,,,,,,,,,,,,,,15000,5000,2,35000,2002,10,1,,,,,,,,,,,,,,,,,6,,,,,,,,,
57086,37000,4800,1,65000,1998,15,1,,,,,,,,,,,,,,,,,,,,,,,,,,,,,,,,,,,,1.05,,,,,,,,,,,
57621,,,,,,,,,,,,,,,,,,,,,,25000,2760,2,30000,2006,15,2,,,,,,,,,,,,,,,,,,4.05,,,,,,,,
57670,48000,3720,1,52000,2007,30,1,,,,,,,,,,,,,,,,,,,,,,,,,,,,,,,,,,,,6,,,,,,,,,,,
91008,20000,9000,1,100000,2000,12,2,,,,,,,,,,,,,,,,,,,,,,,,,,,,,,,,,,,,,5,,,,,,,,,,
91067,17000,5500,2,33000,2004,8,2,,,,,,,,,,,,,,,,,,,,,,,,,,,,,,,,,,,,,4.2,,,,,,,,,,
91081,103000,11500,2,135000,2001,20,2,,,,,,,,,,,,,,,40000,2400,1,40000,2008,5,2,,,,,,,,,,,,,,,,5.75,,5,,,,,,,,
145007,18000,5400,2,53000,1997,15,2,,,,,,,,,,,,,,,,,,,,,,,,,,,,,,,,,,,,,6.2,,,,,,,,,,
188054,10000,12000,1,90000,1999,10,2,,,,,,,,,,,,,,,95000,13000,2,95000,2008,10,2,,,,,,,,,,,,,,,,3.5,,4.5,,,,,,,,
213440,,,,,,,,,,,,,,,,,,,,,,7380,7380,2,10000,2001,8,1,,,,,,,,,,,,,,,,,12,,,,,,,,,
217081,28000,3840,1,40000,2000,18,3,,,,,,,,,,,,,,,,,,,,,,,,,,,,,,,,,,,,,,,,,,,,,,,
284086,18000,3500,1,35000,1997,15,1,,,,,,,,,,,,,,,,,,,,,,,,,,,,,,,,,,,,4.3,,,,,,,,,,,
343010,115000,9000,2,125000,2006,20,2,,,,,,,,,,,,,,,,,,,,,,,,,,,,,,,,,,,,,4,,,,,,,,,,
500088,45000,5000,3,50000,2006,10,1,,,,,,,,,,,,,,,,,,,,,,,,,,,,,,,,,,,,5.07,,,,,,,,,,,
500176,15000,6000,1,25000,2006,10,2,,,,,,,,,,,,,,,,,,,,,,,,,,,,,,,,,,,,,5.25,,,,,,,,,,
501777,11000,3360,2,25000,2002,10,1,,,,,,,,,,,,,,,,,,,,,,,,,,,,,,,,,,,,3,,,,,,,,,,,
503788,,,,,,,,,,,,,,,,,,,,,,100000,8000,1,100000,2008,15,1,,,,,,,,,,,,,,,,,4.5,,,,,,,,,
504157,45000,4264,1,45000,2000,15,2,,,,,,,,,,,,,,,,,,,,,,,,,,,,,,,,,,,,,4.9,,,,,,,,,,
504395,47000,8000,2,130000,2001,15,2,33000,3300,1,50000,2002,15,2,,,,,,,,,,,,,,,,,,,,,,,,,,,,,,3.5,,,,1.5,,,,,,
504483,100000,12600,2,145000,2004,16,1,,,,,,,,,,,,,,,,,,,,,,,,,,,,,,,,,,,,4.5,,,,,,,,,,,
504581,120000,7000,1,120000,2008,30,2,,,,,,,,,,,,,,,,,,,,,,,,,,,,,,,,,,,,,0,,,,,,,,,,
504821,70000,7800,2,81000,2007,10,1,,,,,,,,,,,,,,,,,,,,,,,,,,,,,,,,,,,,6,,,,,,,,,,,
504965,130000,10800,3,150000,2006,30,1,,,,,,,,,,,,,,,,,,,,,,,,,,,,,,,,,,,,0,,,,,,,,,,,
505228,20000,4300,1,60000,1997,15,1,,,,,,,,,,,,,,,,,,,,,,,,,,,,,,,,,,,,6,,,,,,,,,,,
505243,70000,6700,2,80000,2006,15,2,,,,,,,,,,,,,,,,,,,,,,,,,,,,,,,,,,,,,5,,,,,,,,,,
505307,17500,4500,2,25000,1999,17,2,,,,,,,,,,,,,,,,,,,,,,,,,,,,,,,,,,,,,5.5,,,,,,,,,,
505366,16000,3000,1,40000,2003,15,2,,,,,,,,,,,,,,,,,,,,,,,,,,,,,,,,,,,,,6.06,,,,,,,,,,
505385,30000,6000,1,60000,2001,15,1,,,,,,,,,,,,,,,,,,,,,,,,,,,,,,,,,,,,3.25,,,,,,,,,,,
505390,69000,8400,1,90000,2007,10,1,,,,,,,,,,,,,,,,,,,,,,,,,,,,,,,,,,,,2,,,,,,,,,,,
505424,80000,6000,2,80000,2008,20,2,,,,,,,,,,,,,,,,,,,,,,,,,,,,,,,,,,,,,4,,,,,,,,,,
505433,65000,10840,2,105000,2001,15,2,,,,,,,,,,,,,,,,,,,,,,,,,,,,,,,,,,,,,5.25,,,,,,,,,,
505436,27000,3600,2,55000,1995,20,2,,,,,,,,,,,,,,,,,,,,,,,,,,,,,,,,,,,,,4.5,,,,,,,,,,
505453,50000,7200,1,129000,1999,15,2,,,,,,,,,,,,,,,28000,12000,2,75000,2000,10,1,,,,,,,,,,,,,,,,5.5,4.5,,,,,,,,,
505469,,,,,,,,,,,,,,,,,,,,,,36000,5000,2,55000,2002,15,2,,,,,,,,,,,,,,,,,,4.5,,,,,,,,
505798,,,,,,,,,,,,,,,,,,,,,,100000,7000,1,110000,2008,15,2,,,,,,,,,,,,,,,,,,4,,,,,,,,
505806,47000,6840,2,130000,2001,15,2,,,,,,,,,,,,,,,,,,,,,,,,,,,,,,,,,,,,,5,,,,,,,,,,
505818,170000,27000,2,200000,2007,10,2,,,,,,,,,,,,,,,,,,,,,,,,,,,,,,,,,,,,,5.06,,,,,,,,,,
505820,160000,12000,2,180000,2006,25,2,,,,,,,,,,,,,,,,,,,,,,,,,,,,,,,,,,,,,5,,,,,,,,,,
506152,42000,6000,2,90000,2000,15,1,,,,,,,,,,,,,,,,,,,,,,,,,,,,,,,,,,,,6,,,,,,,,,,,
506380,12000,5800,1,40000,2000,10,2,,,,,,,,,,,,,,,,,,,,,,,,,,,,,,,,,,,,,4,,,,,,,,,,
506446,25000,4800,1,40000,2004,10,1,,,,,,,,,,,,,,,,,,,,,,,,,,,,,,,,,,,,1.05,,,,,,,,,,,
506458,60000,6000,1,80000,2001,15,1,,,,,,,,,,,,,,,,,,,,,,,,,,,,,,,,,,,,4,,,,,,,,,,,
506531,,,,,,,,,,,,,,,,,,,,,,100000,7200,2,158400,2007,25,1,,,,,,,,,,,,,,,,,7,,,,,,,,,
506759,,,,,,,,,,,,,,,,,,,,,,57000,7200,2,60000,2008,15,1,,,,,,,,,,,,,,,,,4,,,,,,,,,
506772,70000,10000,2,80000,2005,15,2,,,,,,,,,,,,,,,,,,,,,,,,,,,,,,,,,,,,,7,,,,,,,,,,
507081,6800,6600,1,45000,1993,15,2,,,,,,,,,,,,,,,,,,,,,,,,,,,,,,,,,,,,,7,,,,,,,,,,
507419,,,,,,,,,,,,,,,,,,,,,,70000,7000,1,220000,2004,25,2,,,,,,,,,,,,,,,,,,3.75,,,,,,,,
507462,30000,5500,1,60000,1999,20,2,,,,,,,,,,,,,,,,,,,,,,,,,,,,,,,,,,,,,4.2,,,,,,,,,,
507519,,,,,,,,,,,,,,,,,,,,,,50000,4800,2,58000,2004,20,2,,,,,,,,,,,,,,,,,,6,,,,,,,,
507544,135000,16000,2,150000,2005,20,1,,,,,,,,,,,,,,,,,,,,,,,,,,,,,,,,,,,,5.3,,,,,,,,,,,
507664,6000,4000,2,30000,1995,15,2,,,,,,,,,,,,,,,,,,,,,,,,,,,,,,,,,,,,,6,,,,,,,,,,
507908,90000,1000,2,90000,2008,15,1,,,,,,,,,,,,,,,,,,,,,,,,,,,,,,,,,,,,5.5,,,,,,,,,,,
507922,8000,5200,2,50000,1996,15,1,,,,,,,,,,,,,,,,,,,,,,,,,,,,,,,,,,,,5,,,,,,,,,,,
508922,38000,2700,2,50000,2000,20,2,,,,,,,,,,,,,,,,,,,,,,,,,,,,,,,,,,,,,3.5,,,,,,,,,,
509074,90000,6700,1,100000,2003,20,2,,,,,,,,,,,,,,,,,,,,,,,,,,,,,,,,,,,,,4.5,,,,,,,,,,
509806,,,,,,,,,,,,,,,,,,,,,,1800,3500,2,10000,2005,5,1,,,,,,,,,,,,,,,,,7.05,,,,,,,,,
509871,,,,,,,,,,,,,,,,,,,,,,13500,600,2,100000,2008,25,3,,,,,,,,,,,,,,,,,,,,,,,,,,
510345,90000,9400,2,105000,2006,10,2,,,,,,,,,,,,,,,,,,,,,,,,,,,,,,,,,,,,,7,,,,,,,,,,
511624,1100,1000,3,4000,2007,4,1,,,,,,,,,,,,,,,,,,,,,,,,,,,,,,,,,,,,10,,,,,,,,,,,
512459,,,,,,,,,,,,,,,,,,,,,,180000,13000,2,200000,2007,20,1,,,,,,,,,,,,,,,,,5,,,,,,,,,
512784,12000,4800,1,18000,2006,10,1,,,,,,,,,,,,,,,,,,,,,,,,,,,,,,,,,,,,9.7,,,,,,,,,,,
512789,,,,,,,,,,,,,,,,,,,,,,120000,16800,2,160000,2004,15,2,,,,,,,,,,,,,,,,,,6,,,,,,,,
512843,,,,,,,,,,,,,,,,,,,,,,30000,5000,1,60000,2002,15,1,,,,,,,,,,,,,,,,,5.65,,,,,,,,,
512845,,,,,,,,,,,,,,,,,,,,,,50000,8000,2,70000,2003,15,1,,,,,,,,,,,,,,,,,5,,,,,,,,,
512849,29000,5000,2,73000,2000,15,1,,,,,,,,,,,,,,,,,,,,,,,,,,,,,,,,,,,,5,,,,,,,,,,,
512850,35000,5000,2,38000,2007,8,1,,,,,,,,,,,,,,,,,,,,,,,,,,,,,,,,,,,,8,,,,,,,,,,,
512882,,,,,,,,,,,,,,,,,,,,,,20000,10000,1,100000,2000,13,1,,,,,,,,,,,,,,,,,1.08,,,,,,,,,
512935,,,,,,,,,,,,,,,,,,,,,,35000,6500,2,65000,2003,10,2,,,,,,,,,,,,,,,,,,6,,,,,,,,
513421,4000,4100,1,50000,1994,15,1,,,,,,,,,,,,,,,,,,,,,,,,,,,,,,,,,,,,4,,,,,,,,,,,
513430,40000,4800,1,55000,2001,20,1,17000,3800,1,33000,2003,10,1,,,,,,,,,,,,,,,,,,,,,,,,,,,,,6.04,,,,4,,,,,,,
513449,70000,8400,1,100000,2007,15,1,,,,,,,,,,,,,,,,,,,,,,,,,,,,,,,,,,,,4.05,,,,,,,,,,,
610024,80000,6500,2,98000,2003,20,1,,,,,,,,,,,,,,,,,,,,,,,,,,,,,,,,,,,,5.07,,,,,,,,,,,
610371,,,,,,,,,,,,,,,,,,,,,,100000,7100,2,100000,2008,20,1,,,,,,,,,,,,,,,,,6.05,,,,,,,,,
610725,28000,5500,1,43000,2004,10,1,,,,,,,,,,,,,,,,,,,,,,,,,,,,,,,,,,,,4.25,,,,,,,,,,,
611614,50000,5000,2,80000,2001,15,2,,,,,,,,,,,,,,,,,,,,,,,,,,,,,,,,,,,,,4.5,,,,,,,,,,
613319,15000,3300,1,50000,1990,25,2,,,,,,,,,,,,,,,40000,3000,1,40000,2001,20,2,30000,3000,1,40000,2001,20,2,,,,,,,,,4,,4,,,,4,,,,
613535,100000,50000,2,150000,2006,5,2,,,,,,,,,,,,,,,,,,,,,,,,,,,,,,,,,,,,,6,,,,,,,,,,
616191,3200,3600,1,25000,1999,10,2,,,,,,,,,,,,,,,,,,,,,,,,,,,,,,,,,,,,,6.25,,,,,,,,,,
620481,,,,,,,,,,,,,,,,,,,,,,35000,4200,1,40000,2004,15,2,,,,,,,,,,,,,,,,,,5,,,,,,,,
620858,70000,5900,1,98000,2003,25,1,,,,,,,,,,,,,,,,,,,,,,,,,,,,,,,,,,,,3.9,,,,,,,,,,,
623651,24000,7200,2,40000,2006,6,2,,,,,,,,,,,,,,,,,,,,,,,,,,,,,,,,,,,,,10,,,,,,,,,,
624744,5000,5000,2,30000,2000,10,1,,,,,,,,,,,,,,,,,,,,,,,,,,,,,,,,,,,,6,,,,,,,,,,,
625926,80000,12000,2,110000,1994,20,2,,,,,,,,,,,,,,,,,,,,,,,,,,,,,,,,,,,,,4.5,,,,,,,,,,
626449,,,,,,,,,,,,,,,,,,,,,,13000,1500,2,13000,2008,6,1,,,,,,,,,,,,,,,,,10,,,,,,,,,
627314,90000,15000,1,125000,2001,25,1,,,,,,,,,,,,,,,,,,,,,,,,,,,,,,,,,,,,6.8,,,,,,,,,,,
629505,120000,4500,2,140000,2004,20,2,,,,,,,,,,,,,,,,,,,,,,,,,,,,,,,,,,,,,5.8,,,,,,,,,,
629520,1000,7200,1,55000,1999,10,1,,,,,,,,,,,,,,,,,,,,,,,,,,,,,,,,,,,,4,,,,,,,,,,,
631903,40000,5400,2,80000,2003,20,1,,,,,,,,,,,,,,,,,,,,,,,,,,,,,,,,,,,,4,,,,,,,,,,,
633620,200000,22000,2,250000,2001,20,2,,,,,,,,,,,,,,,20000,10000,2,100000,2001,10,2,,,,,,,,,,,,,,,,6,,6,,,,,,,,
634144,20000,5500,3,50000,1999,15,2,,,,,,,,,,,,,,,,,,,,,,,,,,,,,,,,,,,,,0,,,,,,,,,,
634732,20000,4000,1,24000,2008,5,1,,,,,,,,,,,,,,,,,,,,,,,,,,,,,,,,,,,,8,,,,,,,,,,,
635112,45000,8400,2,95000,2002,10,1,,,,,,,,,,,,,,,,,,,,,,,,,,,,,,,,,,,,5.8,,,,,,,,,,,
635263,140000,7000,2,180000,2006,30,2,,,,,,,,,,,,,,,,,,,,,,,,,,,,,,,,,,,,,4,,,,,,,,,,
636309,9000,9000,2,135000,1994,15,2,,,,,,,,,,,,,,,,,,,,,,,,,,,,,,,,,,,,,6.5,,,,,,,,,,
638122,50000,6500,1,80000,2004,15,1,,,,,,,,,,,,,,,,,,,,,,,,,,,,,,,,,,,,6.05,,,,,,,,,,,
638395,25000,2500,2,60000,2002,20,2,,,,,,,,,,,,,,,,,,,,,,,,,,,,,,,,,,,,,4,,,,,,,,,,
638603,3500,6500,1,50000,1999,10,1,8000,4080,2,18000,2006,5,1,7000,2900,1,15000,2006,5,1,,,,,,,,,,,,,,,,,,,,,,2,,,,5.5,,,,4,,,
638718,,,,,,,,,,,,,,,,,,,,,,98000,9000,2,100000,2007,25,1,,,,,,,,,,,,,,,,,5.15,,,,,,,,,
638783,6000,6500,2,60000,1995,15,1,,,,,,,,,,,,,,,,,,,,,,,,,,,,,,,,,,,,6,,,,,,,,,,,
639373,4000,10000,2,35000,2005,4,1,,,,,,,,,,,,,,,,,,,,,,,,,,,,,,,,,,,,5,,,,,,,,,,,
639502,115000,9833,1,124000,2007,20,1,,,,,,,,,,,,,,,,,,,,,,,,,,,,,,,,,,,,4.5,,,,,,,,,,,
640164,60000,9400,1,60000,2008,10,1,,,,,,,,,,,,,,,,,,,,,,,,,,,,,,,,,,,,4,,,,,,,,,,,
640821,25000,7900,1,55000,2000,10,2,,,,,,,,,,,,,,,,,,,,,,,,,,,,,,,,,,,,,5.8,,,,,,,,,,
640864,28000,5520,1,48000,2000,20,2,,,,,,,,,,,,,,,,,,,,,,,,,,,,,,,,,,,,,5.05,,,,,,,,,,
642007,50000,11000,2,85000,1999,15,2,,,,,,,,,,,,,,,,,,,,,,,,,,,,,,,,,,,,,4.06,,,,,,,,,,
648534,8000,500,2,8000,2008,2,2,,,,,,,,,,,,,,,,,,,,,,,,,,,,,,,,,,,,,6,,,,,,,,,,
648888,180000,9600,1,220000,2004,30,1,,,,,,,,,,,,,,,,,,,,,,,,,,,,,,,,,,,,4,,,,,,,,,,,
649015,40000,9500,1,50000,2002,8,1,,,,,,,,,,,,,,,,,,,,,,,,,,,,,,,,,,,,6,,,,,,,,,,,
649169,43000,5000,2,50000,2007,15,2,,,,,,,,,,,,,,,,,,,,,,,,,,,,,,,,,,,,,5,,,,,,,,,,
649173,26000,4200,2,55000,1995,20,1,,,,,,,,,,,,,,,,,,,,,,,,,,,,,,,,,,,,4,,,,,,,,,,,
670485,,,,,,,,,,,,,,,,,,,,,,12000,2500,1,100000,1983,30,1,,,,,,,,,,,,,,,,,7,,,,,,,,,
670711,100000,5900,1,100000,2008,30,1,,,,,,,,,,,,,,,,,,,,,,,,,,,,,,,,,,,,5.5,,,,,,,,,,,
670834,5000,4200,2,35000,1999,10,1,,,,,,,,,,,,,,,,,,,,,,,,,,,,,,,,,,,,8,,,,,,,,,,,
671136,20000,7236,2,30000,2005,5,1,,,,,,,,,,,,,,,,,,,,,,,,,,,,,,,,,,,,7,,,,,,,,,,,
671152,126240,7920,1,150000,2006,30,1,,,,,,,,,,,,,,,,,,,,,,,,,,,,,,,,,,,,5.6,,,,,,,,,,,
671206,23000,2600,1,40000,1999,20,2,,,,,,,,,,,,,,,,,,,,,,,,,,,,,,,,,,,,,2.5,,,,,,,,,,
671362,29000,3600,2,30000,2007,10,3,,,,,,,,,,,,,,,,,,,,,,,,,,,,,,,,,,,,,,,,,,,,,,,
671733,,,,,,,,,,,,,,,,,,,,,,40000,8000,1,145000,2002,15,2,,,,,,,,,,,,,,,,,,4,,,,,,,,
672417,80000,6000,1,100000,2001,20,2,,,,,,,,,,,,,,,,,,,,,,,,,,,,,,,,,,,,,6,,,,,,,,,,
672472,115504,9600,2,130000,2005,20,2,,,,,,,,,,,,,,,,,,,,,,,,,,,,,,,,,,,,,6.03,,,,,,,,,,
672978,22000,6500,1,80000,2001,15,1,,,,,,,,,,,,,,,,,,,,,,,,,,,,,,,,,,,,5,,,,,,,,,,,
673098,3600,7200,1,50000,1999,10,2,,,,,,,,,,,,,,,,,,,,,,,,,,,,,,,,,,,,,4,,,,,,,,,,
673145,65000,6000,2,80000,2004,20,2,,,,,,,,,,,,,,,,,,,,,,,,,,,,,,,,,,,,,5.5,,,,,,,,,,
673364,5000,2000,1,27000,2001,10,1,,,,,,,,,,,,,,,,,,,,,,,,,,,,,,,,,,,,4,,,,,,,,,,,
673445,25000,3600,2,40000,2000,20,2,,,,,,,,,,,,,,,,,,,,,,,,,,,,,,,,,,,,,8,,,,,,,,,,
673451,40000,7000,1,75000,1996,20,2,,,,,,,,,,,,,,,,,,,,,,,,,,,,,,,,,,,,,4,,,,,,,,,,
673454,20000,7200,1,80000,2000,15,2,,,,,,,,,,,,,,,,,,,,,,,,,,,,,,,,,,,,,4,,,,,,,,,,
673685,32000,5400,2,55000,2005,10,1,,,,,,,,,,,,,,,,,,,,,,,,,,,,,,,,,,,,4.5,,,,,,,,,,,
673858,60000,7150,3,65000,2004,15,1,,,,,,,,,,,,,,,,,,,,,,,,,,,,,,,,,,,,11,,,,,,,,,,,
673882,50000,8500,2,120000,1999,15,1,,,,,,,,,,,,,,,,,,,,,,,,,,,,,,,,,,,,5,,,,,,,,,,,
674005,54600,10680,2,85000,2005,10,1,,,,,,,,,,,,,,,,,,,,,,,,,,,,,,,,,,,,5.05,,,,,,,,,,,
674106,8000,2600,1,50000,1994,18,1,,,,,,,,,,,,,,,,,,,,,,,,,,,,,,,,,,,,4,,,,,,,,,,,
674271,60000,1800,2,60000,2008,20,1,,,,,,,,,,,,,,,,,,,,,,,,,,,,,,,,,,,,5.9,,,,,,,,,,,
674272,70000,14000,2,110000,2004,10,2,,,,,,,,,,,,,,,,,,,,,,,,,,,,,,,,,,,,,5.6,,,,,,,,,,
674322,25000,9500,2,77000,1996,15,2,,,,,,,,,,,,,,,,,,,,,,,,,,,,,,,,,,,,,7,,,,,,,,,,
674509,,,,,,,,,,,,,,,,,,,,,,10000,4040,1,30000,2000,10,1,,,,,,,,,,,,,,,,,3.38,,,,,,,,,
674542,105000,10920,2,110000,2008,15,1,,,,,,,,,,,,,,,,,,,,,,,,,,,,,,,,,,,,5.75,,,,,,,,,,,
674554,6000,7650,3,80000,1998,15,2,,,,,,,,,,,,,,,,,,,,,,,,,,,,,,,,,,,,,6,,,,,,,,,,
674572,750,3120,2,10000,2004,5,1,,,,,,,,,,,,,,,,,,,,,,,,,,,,,,,,,,,,11,,,,,,,,,,,
674686,,,,,,,,,,,,,,,,,,,,,,100000,20000,1,120000,2008,10,1,11200,5600,2,40000,2000,10,1,,,,,,,,,,5,,,,7,,,,,
674728,1000,11000,1,25000,1998,17,2,,,,,,,,,,,,,,,,,,,,,,,,,,,,,,,,,,,,,15,,,,,,,,,,
674768,46000,3840,1,80000,2003,20,1,,,,,,,,,,,,,,,,,,,,,,,,,,,,,,,,,,,,6,,,,,,,,,,,
674842,30000,6000,1,35000,1998,15,2,,,,,,,,,,,,,,,,,,,,,,,,,,,,,,,,,,,,,0,,,,,,,,,,
674895,20000,6744,3,60000,1998,15,2,,,,,,,,,,,,,,,,,,,,,,,,,,,,,,,,,,,,,6,,,,,,,,,,
675272,131000,9980,2,160000,2002,20,1,,,,,,,,,,,,,,,,,,,,,,,,,,,,,,,,,,,,4.5,,,,,,,,,,,
675678,,,,,,,,,,,,,,,,,,,,,,110000,4000,2,150000,2005,20,2,,,,,,,,,,,,,,,,,,5.05,,,,,,,,
675702,140000,2400,2,140000,2008,15,1,,,,,,,,,,,,,,,,,,,,,,,,,,,,,,,,,,,,5.5,,,,,,,,,,,
675905,,,,,,,,,,,,,,,,,,,,,,20000,5000,1,25000,2008,4,2,,,,,,,,,,,,,,,,,,3.05,,,,,,,,
676000,12000,3000,2,90000,1988,20,2,,,,,,,,,,,,,,,,,,,,,,,,,,,,,,,,,,,,,4,,,,,,,,,,
676048,84000,9400,2,130000,2005,20,2,,,,,,,,,,,,,,,,,,,,,,,,,,,,,,,,,,,,,4.6,,,,,,,,,,
676198,40000,8400,1,50000,2007,25,1,,,,,,,,,,,,,,,,,,,,,,,,,,,,,,,,,,,,12,,,,,,,,,,,
676265,48000,7600,2,75000,2001,15,2,,,,,,,,,,,,,,,,,,,,,,,,,,,,,,,,,,,,,5.5,,,,,,,,,,
676282,130000,6000,2,140000,2005,25,1,,,,,,,,,,,,,,,,,,,,,,,,,,,,,,,,,,,,4.2,,,,,,,,,,,
676344,180000,2000,2,180000,2008,30,1,,,,,,,,,,,,,,,,,,,,,,,,,,,,,,,,,,,,5.6,,,,,,,,,,,
676433,14800,6000,2,40000,2001,10,1,,,,,,,,,,,,,,,,,,,,,,,,,,,,,,,,,,,,6,,,,,,,,,,,
676470,50000,6600,1,80000,2005,20,2,,,,,,,,,,,,,,,,,,,,,,,,,,,,,,,,,,,,,4,,,,,,,,,,
676819,,,,,,,,,,,,,,,,,,,,,,24000,6000,3,30000,2007,5,1,,,,,,,,,,,,,,,,,4,,,,,,,,,
677079,,,,,,,,,,,,,,,,,,,,,,35000,8800,2,60000,2005,9,2,,,,,,,,,,,,,,,,,,4.7,,,,,,,,
677127,,,,,,,,,,,,,,,,,,,,,,50000,7680,2,53000,2005,10,2,,,,,,,,,,,,,,,,,,5.5,,,,,,,,
677474,,,,,,,,,,,,,,,,,,,,,,15000,5000,2,35000,2006,5,1,,,,,,,,,,,,,,,,,5.5,,,,,,,,,
677475,2500,2280,2,35000,1996,15,1,,,,,,,,,,,,,,,,,,,,,,,,,,,,,,,,,,,,4,,,,,,,,,,,
677722,24000,5700,2,60000,1998,15,1,,,,,,,,,,,,,,,,,,,,,,,,,,,,,,,,,,,,5.85,,,,,,,,,,,
678043,40000,5000,1,50000,2006,15,2,,,,,,,,,,,,,,,,,,,,,,,,,,,,,,,,,,,,,5.5,,,,,,,,,,
678098,45000,6000,2,79000,2002,15,1,,,,,,,,,,,,,,,,,,,,,,,,,,,,,,,,,,,,4,,,,,,,,,,,
680026,95000,5000,2,100000,2008,15,1,,,,,,,,,,,,,,,,,,,,,,,,,,,,,,,,,,,,6.7,,,,,,,,,,,
680193,50000,10000,2,110000,2000,15,2,,,,,,,,,,,,,,,,,,,,,,,,,,,,,,,,,,,,,3.5,,,,,,,,,,
680234,60000,9000,2,105000,2003,20,1,,,,,,,,,,,,,,,,,,,,,,,,,,,,,,,,,,,,5.5,,,,,,,,,,,
680537,25000,5000,1,55000,1999,15,2,,,,,,,,,,,,,,,,,,,,,,,,,,,,,,,,,,,,,2.07,,,,,,,,,,
680601,23000,7000,1,50000,2000,15,2,,,,,,,,,,,,,,,,,,,,,,,,,,,,,,,,,,,,,3.08,,,,,,,,,,
680774,14000,5400,2,30000,2002,10,1,,,,,,,,,,,,,,,,,,,,,,,,,,,,,,,,,,,,5.05,,,,,,,,,,,
680916,15000,2880,2,51000,1992,25,1,,,,,,,,,,,,,,,,,,,,,,,,,,,,,,,,,,,,4,,,,,,,,,,,
680971,8000,3000,2,51000,1988,25,2,,,,,,,,,,,,,,,,,,,,,,,,,,,,,,,,,,,,,2,,,,,,,,,,
681268,47000,5000,1,73500,2006,15,1,,,,,,,,,,,,,,,,,,,,,,,,,,,,,,,,,,,,6.25,,,,,,,,,,,
681387,,,,,,,,,,,,,,,,,,,,,,45000,4000,3,75000,2002,15,1,,,,,,,,,,,,,,,,,4,,,,,,,,,
681394,40000,6480,2,65000,1998,20,1,,,,,,,,,,,,,,,,,,,,,,,,,,,,,,,,,,,,4.5,,,,,,,,,,,
681441,45000,6000,2,60000,2004,15,1,,,,,,,,,,,,,,,,,,,,,,,,,,,,,,,,,,,,6,,,,,,,,,,,
681477,67000,6600,2,77000,2002,25,2,,,,,,,,,,,,,,,,,,,,,,,,,,,,,,,,,,,,,7,,,,,,,,,,
681668,,,,,,,,,,,,,,,,,,,,,,12400,3600,3,15000,2008,4,1,,,,,,,,,,,,,,,,,3.75,,,,,,,,,
681691,12000,3000,2,30000,1995,20,2,,,,,,,,,,,,,,,,,,,,,,,,,,,,,,,,,,,,,6,,,,,,,,,,
681711,50000,7000,1,50000,2006,10,1,,,,,,,,,,,,,,,,,,,,,,,,,,,,,,,,,,,,4.8,,,,,,,,,,,
681713,111000,12000,1,150000,2003,20,1,,,,,,,,,,,,,,,,,,,,,,,,,,,,,,,,,,,,6.5,,,,,,,,,,,
681801,4000,3500,2,5000,2008,5,1,,,,,,,,,,,,,,,,,,,,,,,,,,,,,,,,,,,,6,,,,,,,,,,,
681844,50000,5500,2,70000,2005,15,2,,,,,,,,,,,,,,,,,,,,,,,,,,,,,,,,,,,,,5.7,,,,,,,,,,
681875,63000,4500,2,83000,2004,25,2,,,,,,,,,,,,,,,,,,,,,,,,,,,,,,,,,,,,,4,,,,,,,,,,
681897,20000,8000,2,60000,2001,15,2,,,,,,,,,,,,,,,,,,,,,,,,,,,,,,,,,,,,,7,,,,,,,,,,
681932,4000,1500,1,5800,2008,5,1,,,,,,,,,,,,,,,,,,,,,,,,,,,,,,,,,,,,4.5,,,,,,,,,,,
682146,,,,,,,,,,,,,,,,,,,,,,17000,3500,2,20000,2008,5,1,,,,,,,,,,,,,,,,,5,,,,,,,,,
682281,44500,7800,3,100000,1997,25,2,,,,,,,,,,,,,,,,,,,,,,,,,,,,,,,,,,,,,2.07,,,,,,,,,,
682298,,,,,,,,,,,,,,,,,,,,,,5000,6000,2,26000,2003,7,1,,,,,,,,,,,,,,,,,8,,,,,,,,,
682413,1000,6600,1,50000,1999,10,1,,,,,,,,,,,,,,,,,,,,,,,,,,,,,,,,,,,,4.75,,,,,,,,,,,
682474,78000,4700,1,82000,2005,20,1,,,,,,,,,,,,,,,,,,,,,,,,,,,,,,,,,,,,1.02,,,,,,,,,,,
682709,1500,9000,1,13000,1999,10,1,,,,,,,,,,,,,,,,,,,,,,,,,,,,,,,,,,,,4,,,,,,,,,,,
682715,40000,6000,2,100000,2001,20,2,,,,,,,,,,,,,,,,,,,,,,,,,,,,,,,,,,,,,5.8,,,,,,,,,,
682737,35000,6300,1,45000,1990,20,2,,,,,,,,,,,,,,,,,,,,,,,,,,,,,,,,,,,,,6,,,,,,,,,,
682791,140000,12400,1,150000,2008,15,1,,,,,,,,,,,,,,,,,,,,,,,,,,,,,,,,,,,,5,,,,,,,,,,,
682812,,,,,,,,,,,,,,,,,,,,,,25000,5000,2,37000,2001,15,1,,,,,,,,,,,,,,,,,7,,,,,,,,,
682995,16500,2700,3,30000,1994,20,2,,,,,,,,,,,,,,,,,,,,,,,,,,,,,,,,,,,,,9.3,,,,,,,,,,
683033,170000,10400,2,175000,2005,30,2,,,,,,,,,,,,,,,,,,,,,,,,,,,,,,,,,,,,,5,,,,,,,,,,
683119,11000,9500,2,72000,2000,10,2,,,,,,,,,,,,,,,,,,,,,,,,,,,,,,,,,,,,,6,,,,,,,,,,
683164,40000,7000,1,65000,2003,10,2,,,,,,,,,,,,,,,,,,,,,,,,,,,,,,,,,,,,,5.8,,,,,,,,,,
683171,20000,3600,1,50000,2000,10,1,,,,,,,,,,,,,,,,,,,,,,,,,,,,,,,,,,,,3.5,,,,,,,,,,,
683185,50000,3000,1,60000,2006,25,1,,,,,,,,,,,,,,,,,,,,,,,,,,,,,,,,,,,,3,,,,,,,,,,,
683343,17400,9600,1,90000,1999,15,2,,,,,,,,,,,,,,,,,,,,,,,,,,,,,,,,,,,,,4.55,,,,,,,,,,
683349,105000,10000,1,145000,2002,20,2,22000,5000,1,25000,2006,5,2,,,,,,,,,,,,,,,,,,,,,,,,,,,,,,4.05,,,,5,,,,,,
683352,110000,750,3,125000,2007,30,1,20000,750,2,30000,2007,5,1,,,,,,,,,,,,,,,,,,,,,,,,,,,,,6.08,,,,9,,,,,,,
683373,20000,3500,1,20000,2004,15,1,,,,,,,,,,,,,,,20000,2500,1,20000,2004,15,1,,,,,,,,,,,,,,,5,,5,,,,,,,,,
683377,120000,11400,1,160000,2002,25,1,,,,,,,,,,,,,,,,,,,,,,,,,,,,,,,,,,,,5.05,,,,,,,,,,,
683446,,,,,,,,,,,,,,,,,,,,,,9600,4800,2,19500,2005,5,1,,,,,,,,,,,,,,,,,6.08,,,,,,,,,
683453,42000,6000,1,78000,2002,13,1,,,,,,,,,,,,,,,,,,,,,,,,,,,,,,,,,,,,5,,,,,,,,,,,
683569,52000,7000,2,75000,2003,20,2,,,,,,,,,,,,,,,,,,,,,,,,,,,,,,,,,,,,,5.05,,,,,,,,,,
683607,15000,4800,1,50000,2001,10,1,,,,,,,,,,,,,,,,,,,,,,,,,,,,,,,,,,,,3.05,,,,,,,,,,,
683661,5000,1900,1,16000,2001,10,1,,,,,,,,,,,,,,,,,,,,,,,,,,,,,,,,,,,,8,,,,,,,,,,,
684140,60000,6612,2,87000,2002,20,2,,,,,,,,,,,,,,,,,,,,,,,,,,,,,,,,,,,,,3.9,,,,,,,,,,
684192,40000,5100,2,75000,2001,15,1,,,,,,,,,,,,,,,,,,,,,,,,,,,,,,,,,,,,5,,,,,,,,,,,
684217,40000,5000,1,60000,2005,15,1,,,,,,,,,,,,,,,,,,,,,,,,,,,,,,,,,,,,5.05,,,,,,,,,,,
684229,102000,7320,1,108000,2005,30,2,,,,,,,,,,,,,,,,,,,,,,,,,,,,,,,,,,,,,6.05,,,,,,,,,,
684234,40000,9000,2,80000,1999,15,2,,,,,,,,,,,,,,,,,,,,,,,,,,,,,,,,,,,,,5,,,,,,,,,,
684240,48000,5800,2,60000,2001,20,2,,,,,,,,,,,,,,,,,,,,,,,,,,,,,,,,,,,,,6.3,,,,,,,,,,
684326,35000,7500,2,70000,2003,10,1,,,,,,,,,,,,,,,,,,,,,,,,,,,,,,,,,,,,2.8,,,,,,,,,,,
684407,80000,8800,1,118000,1999,20,1,,,,,,,,,,,,,,,,,,,,,,,,,,,,,,,,,,,,5,,,,,,,,,,,
684496,,,,,,,,,,,,,,,,,,,,,,50000,3500,2,80000,1993,20,1,,,,,,,,,,,,,,,,,3.5,,,,,,,,,
684721,25000,6000,2,30000,2006,10,2,,,,,,,,,,,,,,,,,,,,,,,,,,,,,,,,,,,,,4.05,,,,,,,,,,
684793,,,,,,,,,,,,,,,,,,,,,,60000,6000,1,60000,2004,15,1,,,,,,,,,,,,,,,,,5,,,,,,,,,
684803,40000,4800,2,40000,2005,15,1,,,,,,,,,,,,,,,,,,,,,,,,,,,,,,,,,,,,6,,,,,,,,,,,
684964,,,,,,,,,,,,,,,,,,,,,,22000,5000,2,80000,1997,15,2,,,,,,,,,,,,,,,,,,4.5,,,,,,,,
685058,49669,2534,2,51000,2008,25,1,,,,,,,,,,,,,,,,,,,,,,,,,,,,,,,,,,,,0,,,,,,,,,,,
685149,40000,5500,1,100000,2002,15,1,7000,1200,1,15000,2003,10,2,,,,,,,,,,,,,,,,,,,,,,,,,,,,,4.05,,,,,5,,,,,,
685196,100000,9000,1,110000,2007,20,2,,,,,,,,,,,,,,,,,,,,,,,,,,,,,,,,,,,,,2.5,,,,,,,,,,
685312,15800,6000,1,23000,2008,3,1,,,,,,,,,,,,,,,,,,,,,,,,,,,,,,,,,,,,6.5,,,,,,,,,,,
685367,20000,4000,3,20000,2008,4,1,,,,,,,,,,,,,,,,,,,,,,,,,,,,,,,,,,,,4.05,,,,,,,,,,,
685517,2000,12000,3,24000,2007,2,2,,,,,,,,,,,,,,,,,,,,,,,,,,,,,,,,,,,,,6,,,,,,,,,,
685528,20000,7000,2,40000,1997,15,2,,,,,,,,,,,,,,,,,,,,,,,,,,,,,,,,,,,,,6.5,,,,,,,,,,
685664,68200,1800,2,70000,2008,20,1,,,,,,,,,,,,,,,,,,,,,,,,,,,,,,,,,,,,6.2,,,,,,,,,,,
686006,1800,2760,2,6000,2006,3,1,,,,,,,,,,,,,,,211000,9600,2,240000,2006,25,1,,,,,,,,,,,,,,,6,,6,,,,,,,,,
686134,30000,4500,1,50000,1998,15,2,,,,,,,,,,,,,,,,,,,,,,,,,,,,,,,,,,,,,1.5,,,,,,,,,,
686135,30000,4800,2,40000,2005,10,1,,,,,,,,,,,,,,,,,,,,,,,,,,,,,,,,,,,,5,,,,,,,,,,,
686173,48000,7200,1,76000,2002,15,2,,,,,,,,,,,,,,,,,,,,,,,,,,,,,,,,,,,,,5.2,,,,,,,,,,
686178,,,,,,,,,,,,,,,,,,,,,,9000,7200,1,60000,2001,10,1,,,,,,,,,,,,,,,,,0,,,,,,,,,
686304,70000,5000,1,100000,1994,35,1,,,,,,,,,,,,,,,,,,,,,,,,,,,,,,,,,,,,4.05,,,,,,,,,,,
686311,100000,9600,2,100000,2006,20,1,,,,,,,,,,,,,,,,,,,,,,,,,,,,,,,,,,,,4,,,,,,,,,,,
686492,4000,4000,2,35000,1994,15,2,,,,,,,,,,,,,,,,,,,,,,,,,,,,,,,,,,,,,6.07,,,,,,,,,,
687002,20000,7200,2,50000,1990,30,2,,,,,,,,,,,,,,,,,,,,,,,,,,,,,,,,,,,,,8,,,,,,,,,,
687056,15000,5700,2,20000,2008,5,1,,,,,,,,,,,,,,,,,,,,,,,,,,,,,,,,,,,,7,,,,,,,,,,,
687076,270000,25000,3,310000,2003,25,2,,,,,,,,,,,,,,,,,,,,,,,,,,,,,,,,,,,,,6.05,,,,,,,,,,
687112,130000,12000,3,135000,2007,25,1,,,,,,,,,,,,,,,,,,,,,,,,,,,,,,,,,,,,7,,,,,,,,,,,
687148,,,,,,,,,,,,,,,,,,,,,,500,6000,3,15000,2000,10,1,,,,,,,,,,,,,,,,,5.05,,,,,,,,,
687151,40000,3600,2,53000,2000,30,1,,,,,,,,,,,,,,,,,,,,,,,,,,,,,,,,,,,,4.4,,,,,,,,,,,
687164,,,,,,,,,,,,,,,,,,,,,,22000,5160,2,25000,2008,5,1,,,,,,,,,,,,,,,,,5.05,,,,,,,,,
687168,6000,4600,1,35000,1996,15,1,,,,,,,,,,,,,,,,,,,,,,,,,,,,,,,,,,,,3,,,,,,,,,,,
687195,45000,8000,2,85000,2003,15,2,,,,,,,,,,,,,,,,,,,,,,,,,,,,,,,,,,,,,4,,,,,,,,,,
687263,50000,8500,2,73000,2002,15,2,,,,,,,,,,,,,,,,,,,,,,,,,,,,,,,,,,,,,5,,,,,,,,,,
687287,20000,6000,2,80000,2002,15,1,,,,,,,,,,,,,,,,,,,,,,,,,,,,,,,,,,,,5,,,,,,,,,,,
687321,35000,8700,1,65000,2003,15,1,,,,,,,,,,,,,,,,,,,,,,,,,,,,,,,,,,,,4,,,,,,,,,,,
687463,46000,4320,1,60000,2002,15,1,,,,,,,,,,,,,,,,,,,,,,,,,,,,,,,,,,,,6,,,,,,,,,,,
687492,20000,8500,1,70000,2001,10,1,,,,,,,,,,,,,,,,,,,,,,,,,,,,,,,,,,,,5,,,,,,,,,,,
687497,49700,4920,1,94000,1999,15,2,,,,,,,,,,,,,,,,,,,,,,,,,,,,,,,,,,,,,2.75,,,,,,,,,,
687553,24000,14000,1,42000,2004,5,1,16000,8000,1,25000,2006,5,1,,,,,,,,,,,,,,,,,,,,,,,,,,,,,5.75,,,,8,,,,,,,
687569,30000,6000,1,60000,2003,10,2,,,,,,,,,,,,,,,,,,,,,,,,,,,,,,,,,,,,,3,,,,,,,,,,
687582,20000,7000,1,35000,2006,5,3,,,,,,,,,,,,,,,,,,,,,,,,,,,,,,,,,,,,,,,,,,,,,,,
687699,50000,12000,1,100000,2000,15,2,,,,,,,,,,,,,,,,,,,,,,,,,,,,,,,,,,,,,2.5,,,,,,,,,,
687888,,,,,,,,,,,,,,,,,,,,,,23000,3000,2,50000,2003,10,2,,,,,,,,,,,,,,,,,,6,,,,,,,,
687917,6500,3500,2,10000,2008,2,1,,,,,,,,,,,,,,,,,,,,,,,,,,,,,,,,,,,,1.04,,,,,,,,,,,
687933,4400,2400,2,5000,2007,3,1,,,,,,,,,,,,,,,,,,,,,,,,,,,,,,,,,,,,6,,,,,,,,,,,
688009,60000,7200,1,100000,2003,20,1,,,,,,,,,,,,,,,,,,,,,,,,,,,,,,,,,,,,6,,,,,,,,,,,
688089,150000,1000,2,151111,2008,25,1,,,,,,,,,,,,,,,,,,,,,,,,,,,,,,,,,,,,5.6,,,,,,,,,,,
688127,,,,,,,,,,,,,,,,,,,,,,60000,12000,2,60000,2001,15,1,,,,,,,,,,,,,,,,,5.5,,,,,,,,,
688179,95000,18000,2,150000,1994,15,1,,,,,,,,,,,,,,,,,,,,,,,,,,,,,,,,,,,,6.35,,,,,,,,,,,
688222,14000,5400,2,35000,2001,10,2,,,,,,,,,,,,,,,,,,,,,,,,,,,,,,,,,,,,,6,,,,,,,,,,
688252,6000,6000,1,50000,1994,15,1,,,,,,,,,,,,,,,,,,,,,,,,,,,,,,,,,,,,7,,,,,,,,,,,
688264,60000,6000,1,80000,2004,20,1,,,,,,,,,,,,,,,,,,,,,,,,,,,,,,,,,,,,7,,,,,,,,,,,
688277,3500,4800,2,13000,2007,3,2,,,,,,,,,,,,,,,,,,,,,,,,,,,,,,,,,,,,,5,,,,,,,,,,
700913,28000,7224,1,57000,2003,10,2,,,,,,,,,,,,,,,,,,,,,,,,,,,,,,,,,,,,,6.25,,,,,,,,,,
700950,136000,12768,2,160000,2006,20,1,,,,,,,,,,,,,,,,,,,,,,,,,,,,,,,,,,,,5.04,,,,,,,,,,,
701035,107000,6000,1,107000,2008,35,2,,,,,,,,,,,,,,,,,,,,,,,,,,,,,,,,,,,,,6,,,,,,,,,,
701037,45000,4400,1,50000,2001,15,2,,,,,,,,,,,,,,,,,,,,,,,,,,,,,,,,,,,,,6,,,,,,,,,,
701324,108000,14000,2,155000,1999,20,2,,,,,,,,,,,,,,,,,,,,,,,,,,,,,,,,,,,,,5.45,,,,,,,,,,
701336,49000,4512,1,80000,2001,15,1,,,,,,,,,,,,,,,,,,,,,,,,,,,,,,,,,,,,3.55,,,,,,,,,,,
701638,,,,,,,,,,,,,,,,,,,,,,3000,1100,1,3200,1996,15,1,,,,,,,,,,,,,,,,,8,,,,,,,,,
701809,50000,14500,2,170000,2002,10,2,,,,,,,,,,,,,,,,,,,,,,,,,,,,,,,,,,,,,5,,,,,,,,,,
702020,2800,900,2,3000,2008,3,1,,,,,,,,,,,,,,,,,,,,,,,,,,,,,,,,,,,,1.07,,,,,,,,,,,
702964,113000,9200,1,120000,2005,25,2,,,,,,,,,,,,,,,,,,,,,,,,,,,,,,,,,,,,,4.25,,,,,,,,,,
704900,114000,9600,2,117000,2006,20,1,,,,,,,,,,,,,,,,,,,,,,,,,,,,,,,,,,,,6.14,,,,,,,,,,,
704911,25000,4900,1,50000,1999,15,1,10000,3200,2,25000,2001,10,2,,,,,,,,,,,,,,,,,,,,,,,,,,,,,5,,,,,5,,,,,,
704932,90000,7200,2,100000,2001,30,2,,,,,,,,,,,,,,,,,,,,,,,,,,,,,,,,,,,,,5,,,,,,,,,,
705774,21000,2832,3,28500,2003,20,2,,,,,,,,,,,,,,,,,,,,,,,,,,,,,,,,,,,,,5.05,,,,,,,,,,
706448,,,,,,,,,,,,,,,,,,,,,,11000,6000,1,50000,1997,15,2,,,,,,,,,,,,,,,,,,4.8,,,,,,,,
706456,,,,,,,,,,,,,,,,,,,,,,120000,7200,1,150000,2004,10,1,,,,,,,,,,,,,,,,,5,,,,,,,,,
706460,80000,9600,2,100000,2004,25,2,,,,,,,,,,,,,,,,,,,,,,,,,,,,,,,,,,,,,4,,,,,,,,,,
706914,,,,,,,,,,,,,,,,,,,,,,51000,13000,2,65000,2006,10,2,,,,,,,,,,,,,,,,,,4.02,,,,,,,,
706921,60000,10000,2,100000,2004,20,1,,,,,,,,,,,,,,,,,,,,,,,,,,,,,,,,,,,,3.02,,,,,,,,,,,
707344,,,,,,,,,,,,,,,,,,,,,,38000,500,1,40000,2007,15,1,,,,,,,,,,,,,,,,,5.3,,,,,,,,,
707857,10000,2620,2,25000,1998,15,1,,,,,,,,,,,,,,,,,,,,,,,,,,,,,,,,,,,,5,,,,,,,,,,,
707900,15000,4200,2,15000,2007,6,1,,,,,,,,,,,,,,,,,,,,,,,,,,,,,,,,,,,,8,,,,,,,,,,,
708023,82000,9000,2,115000,2003,20,1,,,,,,,,,,,,,,,,,,,,,,,,,,,,,,,,,,,,5.03,,,,,,,,,,,
708030,6000,3600,2,25000,2000,10,2,,,,,,,,,,,,,,,,,,,,,,,,,,,,,,,,,,,,,4.5,,,,,,,,,,
708043,80000,8850,2,140000,2000,15,1,,,,,,,,,,,,,,,,,,,,,,,,,,,,,,,,,,,,4.5,,,,,,,,,,,
708046,180000,25000,1,319000,2003,25,1,,,,,,,,,,,,,,,45000,5000,2,45000,2008,10,1,,,,,,,,,,,,,,,5.17,,4.25,,,,,,,,,
708126,78000,12720,2,100000,2005,10,2,,,,,,,,,,,,,,,,,,,,,,,,,,,,,,,,,,,,,5.5,,,,,,,,,,
708434,88000,13200,1,100000,2007,10,1,,,,,,,,,,,,,,,,,,,,,,,,,,,,,,,,,,,,5,,,,,,,,,,,
708700,30000,500,2,30000,2008,15,2,,,,,,,,,,,,,,,,,,,,,,,,,,,,,,,,,,,,,4.5,,,,,,,,,,
708813,,,,,,,,,,,,,,,,,,,,,,95000,800,1,100000,2007,15,2,,,,,,,,,,,,,,,,,,4,,,,,,,,
708840,85000,8400,2,100000,2000,20,2,,,,,,,,,,,,,,,,,,,,,,,,,,,,,,,,,,,,,4,,,,,,,,,,
709200,22000,4800,2,35000,2003,5,2,,,,,,,,,,,,,,,,,,,,,,,,,,,,,,,,,,,,,5,,,,,,,,,,
709442,,,,,,,,,,,,,,,,,,,,,,97000,10800,1,110000,2006,15,2,,,,,,,,,,,,,,,,,,4.75,,,,,,,,
709449,52000,16800,1,120000,2001,10,1,,,,,,,,,,,,,,,,,,,,,,,,,,,,,,,,,,,,5,,,,,,,,,,,
709460,36000,4500,2,70000,2004,15,2,,,,,,,,,,,,,,,,,,,,,,,,,,,,,,,,,,,,,5.27,,,,,,,,,,
709719,,,,,,,,,,,,,,,,,,,,,,14000,1800,1,15000,2008,10,1,,,,,,,,,,,,,,,,,4,,,,,,,,,
710503,35000,7600,1,60000,2003,10,1,,,,,,,,,,,,,,,,,,,,,,,,,,,,,,,,,,,,5.05,,,,,,,,,,,
710624,40000,5000,2,50000,2007,15,1,,,,,,,,,,,,,,,,,,,,,,,,,,,,,,,,,,,,4.5,,,,,,,,,,,
711112,8000,5400,2,40000,2000,10,2,,,,,,,,,,,,,,,,,,,,,,,,,,,,,,,,,,,,,3.25,,,,,,,,,,
711138,100000,18000,2,140000,2004,10,2,,,,,,,,,,,,,,,,,,,,,,,,,,,,,,,,,,,,,4.05,,,,,,,,,,
711312,35000,8600,1,87000,1998,15,2,,,,,,,,,,,,,,,,,,,,,,,,,,,,,,,,,,,,,3.25,,,,,,,,,,
711624,20000,6000,1,42000,2003,10,1,,,,,,,,,,,,,,,,,,,,,,,,,,,,,,,,,,,,4,,,,,,,,,,,
712127,8000,4340,1,25000,2001,8,1,,,,,,,,,,,,,,,,,,,,,,,,,,,,,,,,,,,,4.05,,,,,,,,,,,
712132,,,,,,,,,,,,,,,,,,,,,,12000,3600,2,30000,2004,20,1,,,,,,,,,,,,,,,,,2.05,,,,,,,,,
712136,,,,,,,,,,,,,,,,,,,,,,3000,500,2,15000,1999,10,2,,,,,,,,,,,,,,,,,,4.05,,,,,,,,
712823,46000,2800,1,50000,2005,20,1,,,,,,,,,,,,,,,,,,,,,,,,,,,,,,,,,,,,2.05,,,,,,,,,,,
713215,25000,3600,2,30000,2006,10,1,,,,,,,,,,,,,,,,,,,,,,,,,,,,,,,,,,,,4,,,,,,,,,,,
713222,,,,,,,,,,,,,,,,,,,,,,59000,1050,2,60000,2008,15,1,,,,,,,,,,,,,,,,,5.08,,,,,,,,,
713400,45000,8000,1,100000,2000,15,1,,,,,,,,,,,,,,,,,,,,,,,,,,,,,,,,,,,,7,,,,,,,,,,,
713852,40000,6200,2,70000,2000,15,2,,,,,,,,,,,,,,,,,,,,,,,,,,,,,,,,,,,,,6.5,,,,,,,,,,
714029,50000,7000,2,90000,2000,10,1,,,,,,,,,,,,,,,,,,,,,,,,,,,,,,,,,,,,5,,,,,,,,,,,
714430,,,,,,,,,,,,,,,,,,,,,,70000,1250,1,170000,2001,12,1,,,,,,,,,,,,,,,,,7.3,,,,,,,,,
714475,18000,6000,3,30000,2006,6,2,,,,,,,,,,,,,,,,,,,,,,,,,,,,,,,,,,,,,9,,,,,,,,,,
714602,74000,7900,2,85000,2006,15,1,,,,,,,,,,,,,,,,,,,,,,,,,,,,,,,,,,,,4.7,,,,,,,,,,,
714608,39000,6000,2,73000,2000,15,2,,,,,,,,,,,,,,,,,,,,,,,,,,,,,,,,,,,,,7,,,,,,,,,,
715065,110000,9000,1,125000,2005,20,2,,,,,,,,,,,,,,,,,,,,,,,,,,,,,,,,,,,,,4,,,,,,,,,,
715138,600,9600,2,600,2005,30,2,,,,,,,,,,,,,,,,,,,,,,,,,,,,,,,,,,,,,3.2,,,,,,,,,,
715880,88000,7800,2,150000,2000,15,1,,,,,,,,,,,,,,,,,,,,,,,,,,,,,,,,,,,,3,,,,,,,,,,,
716500,,,,,,,,,,,,,,,,,,,,,,70000,6000,2,75000,2008,20,1,,,,,,,,,,,,,,,,,5.16,,,,,,,,,
717434,110000,7200,1,165000,1996,25,1,,,,,,,,,,,,,,,,,,,,,,,,,,,,,,,,,,,,2.25,,,,,,,,,,,
717619,50000,7000,2,80000,2001,25,2,,,,,,,,,,,,,,,,,,,,,,,,,,,,,,,,,,,,,7,,,,,,,,,,
717624,40000,6500,1,70000,2000,20,1,,,,,,,,,,,,,,,,,,,,,,,,,,,,,,,,,,,,6,,,,,,,,,,,
718272,15000,2000,1,35000,1997,15,3,,,,,,,,,,,,,,,,,,,,,,,,,,,,,,,,,,,,,,,,,,,,,,,
719033,77000,11000,2,105000,2003,14,2,,,,,,,,,,,,,,,,,,,,,,,,,,,,,,,,,,,,,4,,,,,,,,,,
719109,,,,,,,,,,,,,,,,,,,,,,50000,7800,2,90000,2000,20,2,25000,3300,2,35000,2003,15,1,,,,,,,,,,,4.5,,,5,,,,,
719121,30000,3000,2,50000,2001,20,1,,,,,,,,,,,,,,,,,,,,,,,,,,,,,,,,,,,,5,,,,,,,,,,,
720003,9000,4464,1,36000,1999,12,2,,,,,,,,,,,,,,,15000,5664,1,20000,2007,4,1,,,,,,,,,,,,,,,,5.05,5,,,,,,,,,
720117,90000,12500,1,150000,2000,15,2,,,,,,,,,,,,,,,,,,,,,,,,,,,,,,,,,,,,,7.3,,,,,,,,,,
720139,15000,2400,2,20000,2000,15,2,,,,,,,,,,,,,,,,,,,,,,,,,,,,,,,,,,,,,5,,,,,,,,,,
720312,,,,,,,,,,,,,,,,,,,,,,8000,3600,1,20000,2005,5,1,,,,,,,,,,,,,,,,,3,,,,,,,,,
720404,96000,4000,2,100000,2008,25,1,,,,,,,,,,,,,,,,,,,,,,,,,,,,,,,,,,,,5.88,,,,,,,,,,,
720566,,,,,,,,,,,,,,,,,,,,,,7350,3600,1,15000,2007,4,1,,,,,,,,,,,,,,,,,10,,,,,,,,,
720610,,,,,,,,,,,,,,,,,,,,,,20000,1980,1,20000,2008,5,1,,,,,,,,,,,,,,,,,9,,,,,,,,,
720634,70000,6700,1,83000,2006,17,2,,,,,,,,,,,,,,,,,,,,,,,,,,,,,,,,,,,,,10,,,,,,,,,,
721303,,,,,,,,,,,,,,,,,,,,,,170000,10000,2,180000,2007,30,1,,,,,,,,,,,,,,,,,6.2,,,,,,,,,
721521,20000,3850,1,30000,2004,10,2,,,,,,,,,,,,,,,,,,,,,,,,,,,,,,,,,,,,,2.08,,,,,,,,,,
721843,38500,5500,2,50000,2000,15,1,,,,,,,,,,,,,,,,,,,,,,,,,,,,,,,,,,,,7.1,,,,,,,,,,,
721871,38000,3600,1,42000,2007,20,1,,,,,,,,,,,,,,,,,,,,,,,,,,,,,,,,,,,,3,,,,,,,,,,,
722141,129000,7000,1,132000,2006,30,1,,,,,,,,,,,,,,,,,,,,,,,,,,,,,,,,,,,,6.05,,,,,,,,,,,
722321,61000,623,2,75000,2001,20,2,,,,,,,,,,,,,,,,,,,,,,,,,,,,,,,,,,,,,6.5,,,,,,,,,,
723463,23000,7300,1,60000,2002,10,1,,,,,,,,,,,,,,,,,,,,,,,,,,,,,,,,,,,,3,,,,,,,,,,,
723504,20000,3600,2,30000,2003,10,1,,,,,,,,,,,,,,,,,,,,,,,,,,,,,,,,,,,,3,,,,,,,,,,,
723506,100000,6000,2,140000,2000,15,1,,,,,,,,,,,,,,,,,,,,,,,,,,,,,,,,,,,,4.6,,,,,,,,,,,
724042,50000,12000,2,120000,1999,15,1,,,,,,,,,,,,,,,,,,,,,,,,,,,,,,,,,,,,5.2,,,,,,,,,,,
724714,55000,6000,2,67000,2006,15,2,,,,,,,,,,,,,,,,,,,,,,,,,,,,,,,,,,,,,5,,,,,,,,,,
724926,100000,7500,2,100000,2007,20,2,,,,,,,,,,,,,,,,,,,,,,,,,,,,,,,,,,,,,7,,,,,,,,,,
725643,20000,8000,2,28000,2008,8,1,,,,,,,,,,,,,,,,,,,,,,,,,,,,,,,,,,,,6,,,,,,,,,,,
726161,,,,,,,,,,,,,,,,,,,,,,180000,19800,2,210000,2004,20,2,,,,,,,,,,,,,,,,,,3.5,,,,,,,,
726740,250000,10500,1,260000,2008,30,1,,,,,,,,,,,,,,,,,,,,,,,,,,,,,,,,,,,,5.99,,,,,,,,,,,
727029,48000,6000,2,50000,2007,30,1,,,,,,,,,,,,,,,,,,,,,,,,,,,,,,,,,,,,6,,,,,,,,,,,
728148,,,,,,,,,,,,,,,,,,,,,,50000,9600,2,75000,2004,10,2,,,,,,,,,,,,,,,,,,4.05,,,,,,,,
728306,20000,4000,1,35000,2004,10,1,,,,,,,,,,,,,,,,,,,,,,,,,,,,,,,,,,,,4,,,,,,,,,,,
728547,20000,18000,2,130000,2000,10,1,,,,,,,,,,,,,,,,,,,,,,,,,,,,,,,,,,,,0,,,,,,,,,,,
728665,72000,6000,2,80000,2002,20,2,,,,,,,,,,,,,,,,,,,,,,,,,,,,,,,,,,,,,6,,,,,,,,,,
728734,60000,4200,1,75000,2004,20,1,,,,,,,,,,,,,,,,,,,,,,,,,,,,,,,,,,,,1,,,,,,,,,,,
728838,120000,12000,1,300000,2001,20,2,,,,,,,,,,,,,,,,,,,,,,,,,,,,,,,,,,,,,6.05,,,,,,,,,,
728852,14000,3700,1,50000,1998,15,2,,,,,,,,,,,,,,,,,,,,,,,,,,,,,,,,,,,,,6,,,,,,,,,,
729038,33000,6000,2,50000,2005,10,2,,,,,,,,,,,,,,,,,,,,,,,,,,,,,,,,,,,,,4.85,,,,,,,,,,
732502,70000,8400,1,100000,2001,15,2,,,,,,,,,,,,,,,,,,,,,,,,,,,,,,,,,,,,,5.05,,,,,,,,,,
732601,39000,2200,2,40000,2008,30,1,,,,,,,,,,,,,,,,,,,,,,,,,,,,,,,,,,,,5,,,,,,,,,,,
733129,10000,6000,1,80000,1995,20,1,,,,,,,,,,,,,,,,,,,,,,,,,,,,,,,,,,,,5.75,,,,,,,,,,,
733145,15000,5000,2,50000,1997,15,1,,,,,,,,,,,,,,,,,,,,,,,,,,,,,,,,,,,,6.5,,,,,,,,,,,
733426,24000,4440,1,50000,1999,16,2,,,,,,,,,,,,,,,,,,,,,,,,,,,,,,,,,,,,,5,,,,,,,,,,
733612,35000,10400,2,55000,2000,10,2,,,,,,,,,,,,,,,,,,,,,,,,,,,,,,,,,,,,,4.06,,,,,,,,,,
733755,20000,5000,3,40000,2004,10,1,,,,,,,,,,,,,,,,,,,,,,,,,,,,,,,,,,,,0,,,,,,,,,,,
734018,40000,6000,3,60000,2004,15,1,,,,,,,,,,,,,,,2000,500,1,4000,2008,3,1,,,,,,,,,,,,,,,5.05,,5.05,,,,,,,,,
734107,50000,2400,1,80000,1998,15,1,,,,,,,,,,,,,,,,,,,,,,,,,,,,,,,,,,,,4,,,,,,,,,,,
735104,58000,7800,2,75000,2004,15,2,,,,,,,,,,,,,,,,,,,,,,,,,,,,,,,,,,,,,6.5,,,,,,,,,,
735148,130000,8424,2,140000,2006,30,1,,,,,,,,,,,,,,,,,,,,,,,,,,,,,,,,,,,,4.5,,,,,,,,,,,
735621,24000,5200,2,50000,1999,15,1,,,,,,,,,,,,,,,,,,,,,,,,,,,,,,,,,,,,5,,,,,,,,,,,
735659,90000,8400,2,90000,2008,15,2,,,,,,,,,,,,,,,,,,,,,,,,,,,,,,,,,,,,,5.8,,,,,,,,,,
735734,22000,3800,1,75000,2001,15,1,,,,,,,,,,,,,,,,,,,,,,,,,,,,,,,,,,,,5.25,,,,,,,,,,,
735743,130000,12000,2,190000,2007,30,2,,,,,,,,,,,,,,,,,,,,,,,,,,,,,,,,,,,,,5.3,,,,,,,,,,
736010,30000,6000,2,90000,1998,25,1,,,,,,,,,,,,,,,,,,,,,,,,,,,,,,,,,,,,5,,,,,,,,,,,
736917,30000,4800,1,50000,2000,20,2,,,,,,,,,,,,,,,,,,,,,,,,,,,,,,,,,,,,,0,,,,,,,,,,
736921,40000,5000,2,50000,2004,15,1,,,,,,,,,,,,,,,69000,1000,2,70000,2008,15,1,,,,,,,,,,,,,,,4,,4.5,,,,,,,,,
737401,,,,,,,,,,,,,,,,,,,,,,20000,6000,1,52000,2003,10,1,,,,,,,,,,,,,,,,,4.7,,,,,,,,,
737406,,,,,,,,,,,,,,,,,,,,,,16000,6600,2,150000,2000,11,2,,,,,,,,,,,,,,,,,,5,,,,,,,,
737420,106000,9200,2,120000,2002,25,1,,,,,,,,,,,,,,,,,,,,,,,,,,,,,,,,,,,,3.02,,,,,,,,,,,
737436,67000,7800,2,87500,2000,20,1,,,,,,,,,,,,,,,,,,,,,,,,,,,,,,,,,,,,5,,,,,,,,,,,
737730,100000,7000,2,120000,2004,10,2,,,,,,,,,,,,,,,,,,,,,,,,,,,,,,,,,,,,,0,,,,,,,,,,
737746,190000,14880,1,200000,2007,25,1,,,,,,,,,,,,,,,,,,,,,,,,,,,,,,,,,,,,5.65,,,,,,,,,,,
737860,80000,7000,1,100000,2002,22,2,,,,,,,,,,,,,,,,,,,,,,,,,,,,,,,,,,,,,5,,,,,,,,,,
738152,90000,8000,2,125000,1999,20,2,,,,,,,,,,,,,,,,,,,,,,,,,,,,,,,,,,,,,3.5,,,,,,,,,,
800003,150000,10200,2,150000,2005,20,2,,,,,,,,,,,,,,,,,,,,,,,,,,,,,,,,,,,,,6.5,,,,,,,,,,
800010,150000,13000,1,165000,2005,20,1,,,,,,,,,,,,,,,,,,,,,,,,,,,,,,,,,,,,6,,,,,,,,,,,
800134,80000,5400,1,80000,1999,10,1,,,,,,,,,,,,,,,,,,,,,,,,,,,,,,,,,,,,5.75,,,,,,,,,,,
800135,20000,6000,1,50000,2004,10,1,,,,,,,,,,,,,,,,,,,,,,,,,,,,,,,,,,,,4,,,,,,,,,,,
800335,75000,1000,2,76000,2008,20,1,,,,,,,,,,,,,,,,,,,,,,,,,,,,,,,,,,,,5.2,,,,,,,,,,,
800336,3500,3200,2,12500,2005,5,1,,,,,,,,,,,,,,,,,,,,,,,,,,,,,,,,,,,,7,,,,,,,,,,,
800449,50000,6000,1,82000,2001,20,1,,,,,,,,,,,,,,,,,,,,,,,,,,,,,,,,,,,,1.6,,,,,,,,,,,
800464,70000,3500,1,72000,2008,20,1,,,,,,,,,,,,,,,,,,,,,,,,,,,,,,,,,,,,4,,,,,,,,,,,
800546,,,,,,,,,,,,,,,,,,,,,,120000,8700,2,120000,2003,25,1,,,,,,,,,,,,,,,,,5.07,,,,,,,,,
800557,67000,10000,2,100000,2003,15,2,,,,,,,,,,,,,,,,,,,,,,,,,,,,,,,,,,,,,6,,,,,,,,,,
800620,95000,9800,2,95000,2008,15,1,,,,,,,,,,,,,,,,,,,,,,,,,,,,,,,,,,,,5.4,,,,,,,,,,,
800689,120000,11000,2,150000,2007,20,2,,,,,,,,,,,,,,,,,,,,,,,,,,,,,,,,,,,,,4.5,,,,,,,,,,
800692,50000,12000,2,130000,2000,15,2,,,,,,,,,,,,,,,,,,,,,,,,,,,,,,,,,,,,,6,,,,,,,,,,
800694,200000,14400,2,205000,2006,30,2,,,,,,,,,,,,,,,,,,,,,,,,,,,,,,,,,,,,,8,,,,,,,,,,
800836,60000,9600,2,70000,2008,20,2,,,,,,,,,,,,,,,,,,,,,,,,,,,,,,,,,,,,,6,,,,,,,,,,
800963,,,,,,,,,,,,,,,,,,,,,,20000,5400,3,25000,2007,5,1,,,,,,,,,,,,,,,,,5,,,,,,,,,
800981,,,,,,,,,,,,,,,,,,,,,,60000,1000,1,60000,2007,18,1,,,,,,,,,,,,,,,,,4,,,,,,,,,
801037,100000,10000,2,120000,2007,15,2,,,,,,,,,,,,,,,,,,,,,,,,,,,,,,,,,,,,,6.5,,,,,,,,,,
801113,120000,7200,1,150000,2003,15,1,,,,,,,,,,,,,,,,,,,,,,,,,,,,,,,,,,,,5.5,,,,,,,,,,,
801116,65000,8400,1,110000,2004,15,1,,,,,,,,,,,,,,,,,,,,,,,,,,,,,,,,,,,,6.8,,,,,,,,,,,
801235,51000,6600,1,70000,2007,10,1,,,,,,,,,,,,,,,,,,,,,,,,,,,,,,,,,,,,4.5,,,,,,,,,,,
801253,,,,,,,,,,,,,,,,,,,,,,10000,4800,3,12000,2008,3,1,,,,,,,,,,,,,,,,,6,,,,,,,,,
801332,50000,6000,3,6000,2006,10,1,,,,,,,,,,,,,,,2000,1000,3,4000,2006,5,1,,,,,,,,,,,,,,,10,,6,,,,,,,,,
801533,8000,2304,1,10000,2007,5,1,,,,,,,,,,,,,,,,,,,,,,,,,,,,,,,,,,,,5.6,,,,,,,,,,,
801536,100000,8400,2,105000,2006,30,2,,,,,,,,,,,,,,,,,,,,,,,,,,,,,,,,,,,,,7,,,,,,,,,,
801541,111000,9000,2,120000,2007,25,1,,,,,,,,,,,,,,,,,,,,,,,,,,,,,,,,,,,,6.7,,,,,,,,,,,
801599,50000,4200,1,60000,2006,15,1,,,,,,,,,,,,,,,,,,,,,,,,,,,,,,,,,,,,5,,,,,,,,,,,
801653,35000,4320,2,50000,2000,15,2,,,,,,,,,,,,,,,,,,,,,,,,,,,,,,,,,,,,,5,,,,,,,,,,
801876,12000,3000,2,55000,1998,15,1,,,,,,,,,,,,,,,,,,,,,,,,,,,,,,,,,,,,5.25,,,,,,,,,,,
801888,,,,,,,,,,,,,,,,,,,,,,7200,3600,2,20000,2002,10,1,,,,,,,,,,,,,,,,,5,,,,,,,,,
801901,56000,6000,2,68000,2006,20,2,,,,,,,,,,,,,,,,,,,,,,,,,,,,,,,,,,,,,4.5,,,,,,,,,,
801907,,,,,,,,,,,,,,,,,,,,,,5000,3000,2,10000,2007,4,2,,,,,,,,,,,,,,,,,,5,,,,,,,,
801954,,,,,,,,,,,,,,,,,,,,,,4100,875,3,5000,2008,2,1,,,,,,,,,,,,,,,,,11,,,,,,,,,
801955,11500,3600,3,15000,2008,6,1,,,,,,,,,,,,,,,,,,,,,,,,,,,,,,,,,,,,7,,,,,,,,,,,
801966,82500,7850,1,110000,2005,25,1,,,,,,,,,,,,,,,,,,,,,,,,,,,,,,,,,,,,6,,,,,,,,,,,
801987,13000,4800,3,20000,2007,5,1,,,,,,,,,,,,,,,,,,,,,,,,,,,,,,,,,,,,6.5,,,,,,,,,,,
802033,155000,15600,2,180000,2003,15,2,,,,,,,,,,,,,,,,,,,,,,,,,,,,,,,,,,,,,4.6,,,,,,,,,,
802107,95000,12000,1,150000,2002,15,1,,,,,,,,,,,,,,,,,,,,,,,,,,,,,,,,,,,,5,,,,,,,,,,,
802127,3720,3720,2,15000,2005,5,1,,,,,,,,,,,,,,,,,,,,,,,,,,,,,,,,,,,,4.5,,,,,,,,,,,
802186,40000,6000,2,85000,2000,15,1,,,,,,,,,,,,,,,,,,,,,,,,,,,,,,,,,,,,6,,,,,,,,,,,
802297,30000,5000,3,70000,2000,10,1,,,,,,,,,,,,,,,,,,,,,,,,,,,,,,,,,,,,4,,,,,,,,,,,
802332,20000,5000,1,50000,1999,17,2,,,,,,,,,,,,,,,,,,,,,,,,,,,,,,,,,,,,,5,,,,,,,,,,
802336,,,,,,,,,,,,,,,,,,,,,,15000,4800,2,20000,2000,15,2,,,,,,,,,,,,,,,,,,5,,,,,,,,
802601,88000,9000,2,104000,2004,20,2,,,,,,,,,,,,,,,,,,,,,,,,,,,,,,,,,,,,,6.2,,,,,,,,,,
802905,90000,9600,2,160000,2000,20,1,,,,,,,,,,,,,,,,,,,,,,,,,,,,,,,,,,,,5,,,,,,,,,,,
802926,30000,5000,2,40000,2000,10,3,,,,,,,,,,,,,,,,,,,,,,,,,,,,,,,,,,,,,,,,,,,,,,,
803377,3000,12000,2,100000,1995,13,1,,,,,,,,,,,,,,,,,,,,,,,,,,,,,,,,,,,,3.05,,,,,,,,,,,
803463,31000,3500,1,40000,2004,15,1,,,,,,,,,,,,,,,,,,,,,,,,,,,,,,,,,,,,4.05,,,,,,,,,,,
803476,30000,7500,2,90000,1998,15,2,,,,,,,,,,,,,,,,,,,,,,,,,,,,,,,,,,,,,4.05,,,,,,,,,,
803509,125000,10000,3,140000,2003,35,2,,,,,,,,,,,,,,,,,,,,,,,,,,,,,,,,,,,,,4.05,,,,,,,,,,
803532,6000,1300,2,7000,2008,6,1,,,,,,,,,,,,,,,,,,,,,,,,,,,,,,,,,,,,7.05,,,,,,,,,,,
803570,22000,4044,2,22000,2007,6,1,,,,,,,,,,,,,,,,,,,,,,,,,,,,,,,,,,,,8,,,,,,,,,,,
803574,45000,5000,1,45000,2001,15,1,,,,,,,,,,,,,,,,,,,,,,,,,,,,,,,,,,,,7.07,,,,,,,,,,,
803591,80000,7000,1,80000,2008,20,1,,,,,,,,,,,,,,,,,,,,,,,,,,,,,,,,,,,,5.07,,,,,,,,,,,
803613,50000,5000,2,64000,2003,20,2,,,,,,,,,,,,,,,,,,,,,,,,,,,,,,,,,,,,,4.5,,,,,,,,,,
803792,,,,,,,,,,,,,,,,,,,,,,50000,9000,1,100000,2005,15,1,,,,,,,,,,,,,,,,,4.5,,,,,,,,,
803842,,,,,,,,,,,,,,,,,,,,,,70000,11800,1,90000,2004,10,2,,,,,,,,,,,,,,,,,,5.02,,,,,,,,
804326,,,,,,,,,,,,,,,,,,,,,,20000,6000,1,60000,1994,20,1,,,,,,,,,,,,,,,,,5.5,,,,,,,,,
804529,300000,25000,2,300000,2007,25,2,,,,,,,,,,,,,,,,,,,,,,,,,,,,,,,,,,,,,2.08,,,,,,,,,,
804685,12000,10800,1,120000,2008,20,1,,,,,,,,,,,,,,,,,,,,,,,,,,,,,,,,,,,,6.1,,,,,,,,,,,
804882,80000,12000,2,90000,2008,10,1,,,,,,,,,,,,,,,,,,,,,,,,,,,,,,,,,,,,13,,,,,,,,,,,
804974,3500,4000,2,15000,2004,5,1,,,,,,,,,,,,,,,,,,,,,,,,,,,,,,,,,,,,7.8,,,,,,,,,,,
805226,165000,11220,2,170000,2006,30,1,,,,,,,,,,,,,,,,,,,,,,,,,,,,,,,,,,,,5.7,,,,,,,,,,,
805248,77000,9000,2,100000,2004,15,2,,,,,,,,,,,,,,,,,,,,,,,,,,,,,,,,,,,,,3.5,,,,,,,,,,
805252,,,,,,,,,,,,,,,,,,,,,,22000,6960,2,28000,2006,4,1,,,,,,,,,,,,,,,,,5.5,,,,,,,,,
805264,30000,7800,3,50000,2003,10,1,,,,,,,,,,,,,,,,,,,,,,,,,,,,,,,,,,,,5,,,,,,,,,,,
805306,30000,7200,1,40000,2008,6,1,,,,,,,,,,,,,,,,,,,,,,,,,,,,,,,,,,,,6,,,,,,,,,,,
805351,4000,5400,3,10000,2008,1,1,,,,,,,,,,,,,,,,,,,,,,,,,,,,,,,,,,,,9.5,,,,,,,,,,,
805515,40000,6000,1,62000,2002,15,1,,,,,,,,,,,,,,,,,,,,,,,,,,,,,,,,,,,,6.03,,,,,,,,,,,
805524,20000,4200,1,30000,2003,10,1,,,,,,,,,,,,,,,,,,,,,,,,,,,,,,,,,,,,3.85,,,,,,,,,,,
805528,110000,11000,2,140000,2005,30,1,,,,,,,,,,,,,,,,,,,,,,,,,,,,,,,,,,,,6,,,,,,,,,,,
805668,30000,4000,1,30000,2008,15,2,,,,,,,,,,,,,,,,,,,,,,,,,,,,,,,,,,,,,3,,,,,,,,,,
805691,40000,5000,3,75000,2003,15,1,,,,,,,,,,,,,,,,,,,,,,,,,,,,,,,,,,,,4,,,,,,,,,,,
805714,74000,5950,1,75000,2008,25,1,,,,,,,,,,,,,,,,,,,,,,,,,,,,,,,,,,,,4.95,,,,,,,,,,,
805932,60000,7500,1,82000,2003,20,2,,,,,,,,,,,,,,,,,,,,,,,,,,,,,,,,,,,,,5.75,,,,,,,,,,
805942,14000,4500,1,15000,2008,10,1,,,,,,,,,,,,,,,,,,,,,,,,,,,,,,,,,,,,6,,,,,,,,,,,
806088,81000,8000,1,100000,2003,20,2,,,,,,,,,,,,,,,,,,,,,,,,,,,,,,,,,,,,,6,,,,,,,,,,
806093,115000,11700,1,130000,2005,20,2,,,,,,,,,,,,,,,,,,,,,,,,,,,,,,,,,,,,,7,,,,,,,,,,
806096,4000,5000,1,38000,1995,15,2,,,,,,,,,,,,,,,,,,,,,,,,,,,,,,,,,,,,,8.75,,,,,,,,,,
806107,98000,7600,1,100000,2007,25,1,,,,,,,,,,,,,,,,,,,,,,,,,,,,,,,,,,,,5.08,,,,,,,,,,,
806540,20000,6000,1,30000,1997,25,1,,,,,,,,,,,,,,,,,,,,,,,,,,,,,,,,,,,,5,,,,,,,,,,,
806549,50000,7000,2,70000,2004,20,2,,,,,,,,,,,,,,,,,,,,,,,,,,,,,,,,,,,,,6,,,,,,,,,,
806585,,,,,,,,,,,,,,,,,,,,,,360000,30000,1,400000,2007,15,1,,,,,,,,,,,,,,,,,5,,,,,,,,,
806591,230000,12200,1,230000,2006,30,1,,,,,,,,,,,,,,,,,,,,,,,,,,,,,,,,,,,,3.2,,,,,,,,,,,
806593,30000,6000,1,50000,1997,15,1,,,,,,,,,,,,,,,,,,,,,,,,,,,,,,,,,,,,6,,,,,,,,,,,
806597,800,1300,1,16000,1989,20,1,,,,,,,,,,,,,,,,,,,,,,,,,,,,,,,,,,,,9,,,,,,,,,,,
806601,105000,9000,3,105000,2008,20,1,,,,,,,,,,,,,,,,,,,,,,,,,,,,,,,,,,,,5,,,,,,,,,,,
806629,96000,7500,1,110000,2006,30,1,,,,,,,,,,,,,,,,,,,,,,,,,,,,,,,,,,,,4.06,,,,,,,,,,,
806643,172000,17000,2,200000,2005,20,2,,,,,,,,,,,,,,,,,,,,,,,,,,,,,,,,,,,,,6.5,,,,,,,,,,
806661,30000,6400,1,55000,2002,20,1,5000,1200,2,6000,2008,5,1,,,,,,,,,,,,,,,,,,,,,,,,,,,,,6.07,,,,4.5,,,,,,,
806947,15000,5400,2,65000,1970,40,1,,,,,,,,,,,,,,,,,,,,,,,,,,,,,,,,,,,,5,,,,,,,,,,,
806983,140000,7500,2,152000,2005,30,2,,,,,,,,,,,,,,,,,,,,,,,,,,,,,,,,,,,,,5,,,,,,,,,,
807042,,,,,,,,,,,,,,,,,,,,,,100000,735,2,147000,2002,20,1,,,,,,,,,,,,,,,,,6.5,,,,,,,,,
807048,,,,,,,,,,,,,,,,,,,,,,80000,7500,3,90000,2007,20,2,,,,,,,,,,,,,,,,,,4,,,,,,,,
807055,65000,5200,3,70000,2003,25,2,,,,,,,,,,,,,,,,,,,,,,,,,,,,,,,,,,,,,6,,,,,,,,,,
807120,175000,13200,2,180000,2005,30,2,,,,,,,,,,,,,,,,,,,,,,,,,,,,,,,,,,,,,3.5,,,,,,,,,,
807128,,,,,,,,,,,,,,,,,,,,,,79000,2500,2,80000,2008,15,2,,,,,,,,,,,,,,,,,,2.8,,,,,,,,
807135,4500,4800,1,50000,1998,10,1,,,,,,,,,,,,,,,,,,,,,,,,,,,,,,,,,,,,6.75,,,,,,,,,,,
807140,173000,13920,2,176000,2006,25,1,,,,,,,,,,,,,,,,,,,,,,,,,,,,,,,,,,,,5.4,,,,,,,,,,,
807142,,,,,,,,,,,,,,,,,,,,,,80000,20000,1,125000,2004,10,1,,,,,,,,,,,,,,,,,7,,,,,,,,,
807146,60000,8000,2,75000,2001,15,2,,,,,,,,,,,,,,,,,,,,,,,,,,,,,,,,,,,,,4.05,,,,,,,,,,
807288,70000,10000,2,100000,2005,20,1,,,,,,,,,,,,,,,,,,,,,,,,,,,,,,,,,,,,4,,,,,,,,,,,
807303,,,,,,,,,,,,,,,,,,,,,,36000,6000,2,80000,2007,15,2,,,,,,,,,,,,,,,,,,3.5,,,,,,,,
807442,30000,4000,2,34000,2008,8,1,,,,,,,,,,,,,,,,,,,,,,,,,,,,,,,,,,,,1.01,,,,,,,,,,,
807635,5000,4800,2,50000,1998,10,2,,,,,,,,,,,,,,,,,,,,,,,,,,,,,,,,,,,,,4.5,,,,,,,,,,
807674,118000,10600,2,120000,2008,25,1,,,,,,,,,,,,,,,,,,,,,,,,,,,,,,,,,,,,5.25,,,,,,,,,,,
807789,20000,10000,1,100000,2000,10,2,,,,,,,,,,,,,,,,,,,,,,,,,,,,,,,,,,,,,4.05,,,,,,,,,,
808106,95000,9600,2,110000,2005,20,2,,,,,,,,,,,,,,,,,,,,,,,,,,,,,,,,,,,,,5.2,,,,,,,,,,
808308,10000,2000,1,25000,2007,5,1,,,,,,,,,,,,,,,,,,,,,,,,,,,,,,,,,,,,1.08,,,,,,,,,,,
808314,6000,3000,1,10000,2006,4,1,,,,,,,,,,,,,,,,,,,,,,,,,,,,,,,,,,,,4.05,,,,,,,,,,,
808318,,,,,,,,,,,,,,,,,,,,,,21000,4800,2,30000,2006,7,1,,,,,,,,,,,,,,,,,8,,,,,,,,,
808445,50000,6000,2,50000,2008,15,1,,,,,,,,,,,,,,,,,,,,,,,,,,,,,,,,,,,,5.6,,,,,,,,,,,
808595,250000,10000,3,269000,2007,25,2,,,,,,,,,,,,,,,,,,,,,,,,,,,,,,,,,,,,,6,,,,,,,,,,
808630,2000,7000,2,60000,1999,10,1,,,,,,,,,,,,,,,,,,,,,,,,,,,,,,,,,,,,4.9,,,,,,,,,,,
808645,49000,3400,1,69000,1997,15,1,30000,5200,1,30000,2006,10,2,,,,,,,,,,,,,,,,,,,,,,,,,,,,,5.8,,,,,6.3,,,,,,
808749,10000,3000,1,30000,2002,10,1,,,,,,,,,,,,,,,,,,,,,,,,,,,,,,,,,,,,3,,,,,,,,,,,
808765,40000,4800,3,40000,2004,10,1,,,,,,,,,,,,,,,,,,,,,,,,,,,,,,,,,,,,3.5,,,,,,,,,,,
808814,,,,,,,,,,,,,,,,,,,,,,102000,8000,1,110000,2008,25,1,,,,,,,,,,,,,,,,,6.2,,,,,,,,,
808971,100000,10000,2,150000,2003,20,1,,,,,,,,,,,,,,,,,,,,,,,,,,,,,,,,,,,,6,,,,,,,,,,,
809129,50000,700,2,,1998,20,1,,,,,,,,,,,,,,,,,,,,,,,,,,,,,,,,,,,,0.05,,,,,,,,,,,
809176,,,,,,,,,,,,,,,,,,,,,,45000,8000,1,55000,2007,5,1,,,,,,,,,,,,,,,,,4,,,,,,,,,
809294,140000,7200,2,150000,2006,35,1,,,,,,,,,,,,,,,,,,,,,,,,,,,,,,,,,,,,4,,,,,,,,,,,
809355,10000,3000,2,25000,2002,10,2,,,,,,,,,,,,,,,,,,,,,,,,,,,,,,,,,,,,,5,,,,,,,,,,
809395,35000,6000,3,70000,1998,15,1,,,,,,,,,,,,,,,,,,,,,,,,,,,,,,,,,,,,5,,,,,,,,,,,
809488,138000,8500,1,145000,2006,25,2,,,,,,,,,,,,,,,,,,,,,,,,,,,,,,,,,,,,,6.5,,,,,,,,,,
809567,60000,7200,1,67000,2007,15,1,,,,,,,,,,,,,,,,,,,,,,,,,,,,,,,,,,,,5,,,,,,,,,,,
809569,20000,5500,1,55000,1999,15,1,,,,,,,,,,,,,,,,,,,,,,,,,,,,,,,,,,,,5.25,,,,,,,,,,,
810115,30000,4800,3,35000,2007,10,1,,,,,,,,,,,,,,,,,,,,,,,,,,,,,,,,,,,,5,,,,,,,,,,,
810380,,,,,,,,,,,,,,,,,,,,,,22000,5500,2,40000,2004,10,2,,,,,,,,,,,,,,,,,,3.05,,,,,,,,
810544,100000,9600,2,124000,2005,30,2,,,,,,,,,,,,,,,,,,,,,,,,,,,,,,,,,,,,,5,,,,,,,,,,
810738,100000,9000,2,130000,2004,25,2,,,,,,,,,,,,,,,,,,,,,,,,,,,,,,,,,,,,,4.2,,,,,,,,,,
810749,50000,9000,1,125000,1997,15,2,,,,,,,,,,,,,,,,,,,,,,,,,,,,,,,,,,,,,3,,,,,,,,,,
810946,55000,5800,2,77000,2000,20,2,5000,1800,2,10000,2006,5,1,,,,,,,,,,,,,,,,,,,,,,,,,,,,,,4.7,,,8.5,,,,,,,
810947,54000,8000,2,70000,2005,15,2,,,,,,,,,,,,,,,,,,,,,,,,,,,,,,,,,,,,,6.3,,,,,,,,,,
810978,80000,7800,2,100000,2001,25,2,20000,9000,2,20000,2008,5,1,,,,,,,,,,,,,,,,,,,,,,,,,,,,,,6.5,,,7.8,,,,,,,
810993,,,,,,,,,,,,,,,,,,,,,,140000,12000,2,145000,2005,25,1,,,,,,,,,,,,,,,,,6,,,,,,,,,
811113,70000,6000,2,80000,2002,15,1,,,,,,,,,,,,,,,,,,,,,,,,,,,,,,,,,,,,4.5,,,,,,,,,,,
811156,60000,8520,2,90000,2005,15,1,,,,,,,,,,,,,,,,,,,,,,,,,,,,,,,,,,,,3.9,,,,,,,,,,,
811158,59000,9600,1,155000,1998,20,2,,,,,,,,,,,,,,,,,,,,,,,,,,,,,,,,,,,,,4.15,,,,,,,,,,
811347,70000,8400,2,120000,2002,15,2,,,,,,,,,,,,,,,,,,,,,,,,,,,,,,,,,,,,,4.5,,,,,,,,,,
811447,1000,2400,2,25000,2002,7,1,,,,,,,,,,,,,,,,,,,,,,,,,,,,,,,,,,,,4,,,,,,,,,,,
811474,1400,2800,2,20000,2004,5,2,,,,,,,,,,,,,,,,,,,,,,,,,,,,,,,,,,,,,2.5,,,,,,,,,,
811484,17000,2500,1,35000,1992,25,1,,,,,,,,,,,,,,,,,,,,,,,,,,,,,,,,,,,,4,,,,,,,,,,,
811506,35000,6000,2,50000,2005,10,1,,,,,,,,,,,,,,,,,,,,,,,,,,,,,,,,,,,,5.07,,,,,,,,,,,
811534,200000,13000,2,280000,2005,30,2,,,,,,,,,,,,,,,,,,,,,,,,,,,,,,,,,,,,,6.4,,,,,,,,,,
811590,20000,5400,2,40000,2003,10,2,,,,,,,,,,,,,,,,,,,,,,,,,,,,,,,,,,,,,4,,,,,,,,,,
811782,,,,,,,,,,,,,,,,,,,,,,15000,2300,3,20000,2006,5,1,,,,,,,,,,,,,,,,,4,,,,,,,,,
811804,40000,4800,2,70000,2002,15,2,,,,,,,,,,,,,,,,,,,,,,,,,,,,,,,,,,,,,3.5,,,,,,,,,,
811805,80000,9600,1,110000,2004,20,2,,,,,,,,,,,,,,,,,,,,,,,,,,,,,,,,,,,,,5.5,,,,,,,,,,
811808,15000,4000,3,30000,2003,10,2,,,,,,,,,,,,,,,,,,,,,,,,,,,,,,,,,,,,,4.8,,,,,,,,,,
811839,17000,3000,1,20000,2007,5,2,,,,,,,,,,,,,,,,,,,,,,,,,,,,,,,,,,,,,4,,,,,,,,,,
811904,80000,10800,1,100000,2007,10,1,,,,,,,,,,,,,,,,,,,,,,,,,,,,,,,,,,,,4.8,,,,,,,,,,,
811946,150000,8000,2,150000,2001,20,1,,,,,,,,,,,,,,,,,,,,,,,,,,,,,,,,,,,,6.5,,,,,,,,,,,
812007,192000,12000,1,240000,2004,20,2,,,,,,,,,,,,,,,,,,,,,,,,,,,,,,,,,,,,,0,,,,,,,,,,
812076,,,,,,,,,,,,,,,,,,,,,,55000,3600,2,60000,2008,20,2,,,,,,,,,,,,,,,,,,4,,,,,,,,
812243,145000,3600,2,150000,2008,15,1,,,,,,,,,,,,,,,,,,,,,,,,,,,,,,,,,,,,6.09,,,,,,,,,,,
812270,20000,2800,1,50000,2001,10,1,,,,,,,,,,,,,,,,,,,,,,,,,,,,,,,,,,,,4.05,,,,,,,,,,,
812380,38000,4000,1,58000,2003,26,1,,,,,,,,,,,,,,,,,,,,,,,,,,,,,,,,,,,,4.7,,,,,,,,,,,
812414,80000,8000,2,100000,2005,20,1,,,,,,,,,,,,,,,,,,,,,,,,,,,,,,,,,,,,3,,,,,,,,,,,
812503,,,,,,,,,,,,,,,,,,,,,,100000,8760,1,160000,2006,20,1,,,,,,,,,,,,,,,,,6,,,,,,,,,
812653,63000,6960,2,84000,2005,20,1,,,,,,,,,,,,,,,,,,,,,,,,,,,,,,,,,,,,5.8,,,,,,,,,,,
812787,40000,14400,2,90000,1998,13,1,,,,,,,,,,,,,,,,,,,,,,,,,,,,,,,,,,,,5.6,,,,,,,,,,,
812794,66000,7000,2,80000,2006,20,1,,,,,,,,,,,,,,,,,,,,,,,,,,,,,,,,,,,,5.6,,,,,,,,,,,
812865,147000,6288,2,147000,2008,30,2,,,,,,,,,,,,,,,,,,,,,,,,,,,,,,,,,,,,,4.05,,,,,,,,,,
812932,125000,9000,2,135000,2004,30,2,,,,,,,,,,,,,,,,,,,,,,,,,,,,,,,,,,,,,4.68,,,,,,,,,,
812989,,,,,,,,,,,,,,,,,,,,,,65000,11500,2,80000,2007,8,2,,,,,,,,,,,,,,,,,,6,,,,,,,,
812992,12000,1800,1,13000,2008,4,1,,,,,,,,,,,,,,,,,,,,,,,,,,,,,,,,,,,,8.5,,,,,,,,,,,
813026,30000,1800,1,35000,2008,5,2,,,,,,,,,,,,,,,,,,,,,,,,,,,,,,,,,,,,,3.3,,,,,,,,,,
813056,43000,6500,2,60000,2002,15,1,,,,,,,,,,,,,,,,,,,,,,,,,,,,,,,,,,,,6,,,,,,,,,,,
813061,30000,11700,1,87000,1999,15,1,,,,,,,,,,,,,,,,,,,,,,,,,,,,,,,,,,,,5.04,,,,,,,,,,,
813104,,,,,,,,,,,,,,,,,,,,,,70000,6000,2,95000,2002,20,1,,,,,,,,,,,,,,,,,5,,,,,,,,,
813133,10000,5000,2,25000,2006,5,1,,,,,,,,,,,,,,,,,,,,,,,,,,,,,,,,,,,,6,,,,,,,,,,,
813355,70000,7200,3,80000,2007,15,1,,,,,,,,,,,,,,,,,,,,,,,,,,,,,,,,,,,,5,,,,,,,,,,,
813778,2000,5000,1,10000,2007,2,3,3000,1200,1,3000,2007,2,3,,,,,,,,,,,,,,,,,,,,,,,,,,,,,,,,,,,,,,,,
813888,220000,10000,1,250000,2005,25,1,,,,,,,,,,,,,,,,,,,,,,,,,,,,,,,,,,,,10,,,,,,,,,,,
813912,100000,6000,2,130000,2006,25,2,,,,,,,,,,,,,,,,,,,,,,,,,,,,,,,,,,,,,6,,,,,,,,,,
813942,37000,6739,2,150000,2005,15,2,,,,,,,,,,,,,,,,,,,,,,,,,,,,,,,,,,,,,6.25,,,,,,,,,,
813959,150000,20000,1,190000,2005,25,1,,,,,,,,,,,,,,,,,,,,,,,,,,,,,,,,,,,,3.75,,,,,,,,,,,
813999,,,,,,,,,,,,,,,,,,,,,,32000,4200,2,40000,2006,12,1,,,,,,,,,,,,,,,,,6,,,,,,,,,
814051,65000,6000,1,100000,2005,25,1,,,,,,,,,,,,,,,,,,,,,,,,,,,,,,,,,,,,6.03,,,,,,,,,,,
814086,148000,15000,2,200000,2003,20,1,,,,,,,,,,,,,,,,,,,,,,,,,,,,,,,,,,,,5,,,,,,,,,,,
814134,,,,,,,,,,,,,,,,,,,,,,120000,10000,1,160000,2005,25,2,,,,,,,,,,,,,,,,,,3.5,,,,,,,,
814224,,,,,,,,,,,,,,,,,,,,,,55000,6000,2,60000,2005,15,1,,,,,,,,,,,,,,,,,5.09,,,,,,,,,
814234,100000,10000,2,135000,2006,20,2,,,,,,,,,,,,,,,,,,,,,,,,,,,,,,,,,,,,,3.5,,,,,,,,,,
814299,,,,,,,,,,,,,,,,,,,,,,90000,12200,2,130000,2000,15,1,,,,,,,,,,,,,,,,,6.05,,,,,,,,,
814309,,,,,,,,,,,,,,,,,,,,,,50000,3600,1,75000,1997,35,1,,,,,,,,,,,,,,,,,5,,,,,,,,,
814310,98000,8000,2,130000,2005,15,1,,,,,,,,,,,,,,,,,,,,,,,,,,,,,,,,,,,,5,,,,,,,,,,,
814390,10000,8100,2,80000,1997,15,1,,,,,,,,,,,,,,,,,,,,,,,,,,,,,,,,,,,,5,,,,,,,,,,,
814413,80000,15000,2,150000,2000,15,1,,,,,,,,,,,,,,,1150000,120000,2,1200000,2007,20,1,,,,,,,,,,,,,,,4.75,,4.5,,,,,,,,,
814460,90000,5000,1,90000,2008,20,1,,,,,,,,,,,,,,,,,,,,,,,,,,,,,,,,,,,,6.1,,,,,,,,,,,
814491,120000,16000,2,150000,2006,15,2,,,,,,,,,,,,,,,,,,,,,,,,,,,,,,,,,,,,,5.06,,,,,,,,,,
814558,17000,13000,1,46000,2004,10,2,,,,,,,,,,,,,,,,,,,,,,,,,,,,,,,,,,,,,6,,,,,,,,,,
814573,,,,,,,,,,,,,,,,,,,,,,9000,9000,2,50000,1998,10,1,,,,,,,,,,,,,,,,,6.5,,,,,,,,,
814601,500,1560,1,6000,2005,4,1,,,,,,,,,,,,,,,,,,,,,,,,,,,,,,,,,,,,5.3,,,,,,,,,,,
814648,,,,,,,,,,,,,,,,,,,,,,3600,3600,1,50000,1998,10,2,,,,,,,,,,,,,,,,,,5.5,,,,,,,,
814783,16000,9800,2,28000,2006,10,1,,,,,,,,,,,,,,,,,,,,,,,,,,,,,,,,,,,,3.5,,,,,,,,,,,
814786,45000,9600,3,103000,1999,15,2,,,,,,,,,,,,,,,,,,,,,,,,,,,,,,,,,,,,,4.5,,,,,,,,,,
814796,60000,6000,1,140000,2002,20,2,,,,,,,,,,,,,,,,,,,,,,,,,,,,,,,,,,,,,3.5,,,,,,,,,,
814868,90000,6000,2,100000,2006,20,2,,,,,,,,,,,,,,,,,,,,,,,,,,,,,,,,,,,,,4,,,,,,,,,,
814870,110000,10000,1,110000,2005,15,1,,,,,,,,,,,,,,,,,,,,,,,,,,,,,,,,,,,,5,,,,,,,,,,,
814940,65000,8544,3,110000,2005,12,1,,,,,,,,,,,,,,,,,,,,,,,,,,,,,,,,,,,,5.5,,,,,,,,,,,
815129,29600,5400,2,35000,2007,10,1,,,,,,,,,,,,,,,,,,,,,,,,,,,,,,,,,,,,6.2,,,,,,,,,,,
815192,104000,9600,2,180000,2000,20,1,,,,,,,,,,,,,,,,,,,,,,,,,,,,,,,,,,,,5.09,,,,,,,,,,,
815195,,,,,,,,,,,,,,,,,,,,,,4500,6200,1,50000,1999,10,2,,,,,,,,,,,,,,,,,,3.8,,,,,,,,
815226,175000,15000,1,175000,2008,30,1,25000,4800,2,25000,2008,5,1,,,,,,,,,,,,,,,,,,,,,,,,,,,,,6.3,,,,6.3,,,,,,,
815235,150000,7200,2,200000,2003,20,2,,,,,,,,,,,,,,,,,,,,,,,,,,,,,,,,,,,,,6,,,,,,,,,,
815396,90000,8400,1,100000,2008,15,1,,,,,,,,,,,,,,,,,,,,,,,,,,,,,,,,,,,,5.04,,,,,,,,,,,
815416,70000,20000,1,170000,1996,15,1,,,,,,,,,,,,,,,,,,,,,,,,,,,,,,,,,,,,4,,,,,,,,,,,
815478,,,,,,,,,,,,,,,,,,,,,,40000,8800,2,60000,2005,15,2,,,,,,,,,,,,,,,,,,6.01,,,,,,,,
815565,,,,,,,,,,,,,,,,,,,,,,200000,815,3,230000,2005,15,2,,,,,,,,,,,,,,,,,,3.03,,,,,,,,
815762,45000,5500,1,50000,2007,10,1,,,,,,,,,,,,,,,,,,,,,,,,,,,,,,,,,,,,5.09,,,,,,,,,,,
815777,40000,6500,1,70000,1998,15,1,,,,,,,,,,,,,,,,,,,,,,,,,,,,,,,,,,,,7.05,,,,,,,,,,,
815992,44000,5600,1,72000,2002,14,2,,,,,,,,,,,,,,,,,,,,,,,,,,,,,,,,,,,,,1.25,,,,,,,,,,
816120,50000,710,2,50000,2004,25,2,,,,,,,,,,,,,,,,,,,,,,,,,,,,,,,,,,,,,0,,,,,,,,,,
816196,128000,8400,1,147000,2004,20,2,,,,,,,,,,,,,,,,,,,,,,,,,,,,,,,,,,,,,10,,,,,,,,,,
816249,61000,3600,3,72000,2006,20,2,,,,,,,,,,,,,,,,,,,,,,,,,,,,,,,,,,,,,7,,,,,,,,,,
816397,60000,6000,1,60000,2005,15,2,,,,,,,,,,,,,,,,,,,,,,,,,,,,,,,,,,,,,6,,,,,,,,,,
816456,4000,13300,3,98000,1999,10,1,,,,,,,,,,,,,,,,,,,,,,,,,,,,,,,,,,,,0,,,,,,,,,,,
816518,5000,3240,2,10000,2004,10,1,,,,,,,,,,,,,,,,,,,,,,,,,,,,,,,,,,,,0,,,,,,,,,,,
816541,80000,10600,3,150000,2001,15,1,,,,,,,,,,,,,,,30000,7200,3,50000,2004,10,1,,,,,,,,,,,,,,,0,,0,,,,,,,,,
816657,48000,4200,3,60000,2005,15,2,,,,,,,,,,,,,,,,,,,,,,,,,,,,,,,,,,,,,0,,,,,,,,,,
816847,35000,9000,2,75000,2000,13,1,,,,,,,,,,,,,,,,,,,,,,,,,,,,,,,,,,,,4,,,,,,,,,,,
816858,130000,10000,1,140000,2007,20,1,,,,,,,,,,,,,,,,,,,,,,,,,,,,,,,,,,,,3.75,,,,,,,,,,,
816860,12000,6000,2,40000,1999,10,1,,,,,,,,,,,,,,,,,,,,,,,,,,,,,,,,,,,,6,,,,,,,,,,,
816866,45000,9600,3,150000,2004,15,2,,,,,,,,,,,,,,,,,,,,,,,,,,,,,,,,,,,,,4.5,,,,,,,,,,
817149,130000,2500,1,160000,2001,15,1,,,,,,,,,,,,,,,,,,,,,,,,,,,,,,,,,,,,4,,,,,,,,,,,
817169,,,,,,,,,,,,,,,,,,,,,,100000,13000,1,180000,2002,15,1,,,,,,,,,,,,,,,,,5,,,,,,,,,
817175,,,,,,,,,,,,,,,,,,,,,,8000,5000,2,80000,1999,15,1,,,,,,,,,,,,,,,,,5.02,,,,,,,,,
817244,45000,8040,1,135000,2003,15,2,,,,,,,,,,,,,,,,,,,,,,,,,,,,,,,,,,,,,4.9,,,,,,,,,,
817291,750,7500,2,90000,1994,15,1,,,,,,,,,,,,,,,,,,,,,,,,,,,,,,,,,,,,5.4,,,,,,,,,,,
817385,1000,2000,1,15000,1994,15,1,,,,,,,,,,,,,,,,,,,,,,,,,,,,,,,,,,,,3,,,,,,,,,,,
817402,50000,8000,1,110000,2000,25,1,,,,,,,,,,,,,,,,,,,,,,,,,,,,,,,,,,,,5.02,,,,,,,,,,,
817439,60000,7000,1,70000,2008,20,1,,,,,,,,,,,,,,,,,,,,,,,,,,,,,,,,,,,,6,,,,,,,,,,,
817534,27000,7000,2,110000,2002,15,1,,,,,,,,,,,,,,,,,,,,,,,,,,,,,,,,,,,,5,,,,,,,,,,,
817567,,,,,,,,,,,,,,,,,,,,,,90000,10500,2,130000,2001,20,2,,,,,,,,,,,,,,,,,,6.8,,,,,,,,
817576,75000,9000,2,90000,2003,15,1,,,,,,,,,,,,,,,,,,,,,,,,,,,,,,,,,,,,4.05,,,,,,,,,,,
817798,5000,1356,3,5000,2008,10,1,,,,,,,,,,,,,,,,,,,,,,,,,,,,,,,,,,,,7,,,,,,,,,,,
817803,,,,,,,,,,,,,,,,,,,,,,10000,1200,3,10000,2005,5,1,,,,,,,,,,,,,,,,,10,,,,,,,,,
817905,195000,8400,1,210000,2007,25,1,,,,,,,,,,,,,,,,,,,,,,,,,,,,,,,,,,,,6,,,,,,,,,,,
817949,20000,4300,2,20000,2008,7,1,19000,3000,2,19000,2008,12,1,,,,,,,,,,,,,,,,,,,,,,,,,,,,,6,,,,6,,,,,,,
818057,200000,15600,3,200000,2008,30,1,,,,,,,,,,,,,,,,,,,,,,,,,,,,,,,,,,,,6,,,,,,,,,,,
818071,6000,500,2,15000,2004,5,1,,,,,,,,,,,,,,,,,,,,,,,,,,,,,,,,,,,,13,,,,,,,,,,,
818139,15000,4800,1,15000,2008,4,1,,,,,,,,,,,,,,,,,,,,,,,,,,,,,,,,,,,,6,,,,,,,,,,,
818245,12000,2400,3,35000,1984,25,2,,,,,,,,,,,,,,,,,,,,,,,,,,,,,,,,,,,,,8,,,,,,,,,,
818282,,,,,,,,,,,,,,,,,,,,,,90000,680,1,90000,2008,20,2,,,,,,,,,,,,,,,,,,10,,,,,,,,
818354,96000,7800,2,100000,2006,25,2,,,,,,,,,,,,,,,,,,,,,,,,,,,,,,,,,,,,,6,,,,,,,,,,
818398,120000,9360,2,128000,2002,25,2,,,,,,,,,,,,,,,,,,,,,,,,,,,,,,,,,,,,,3.03,,,,,,,,,,
818410,158000,9150,2,160000,2007,30,1,,,,,,,,,,,,,,,,,,,,,,,,,,,,,,,,,,,,5.55,,,,,,,,,,,
818425,,,,,,,,,,,,,,,,,,,,,,50000,5000,2,55000,2008,10,1,,,,,,,,,,,,,,,,,5,,,,,,,,,
818437,26000,4000,2,30000,2008,10,1,,,,,,,,,,,,,,,,,,,,,,,,,,,,,,,,,,,,5,,,,,,,,,,,
818446,40000,3600,1,50000,2003,20,1,,,,,,,,,,,,,,,,,,,,,,,,,,,,,,,,,,,,5,,,,,,,,,,,
818635,,,,,,,,,,,,,,,,,,,,,,50000,21000,2,50000,2007,10,2,,,,,,,,,,,,,,,,,,7.5,,,,,,,,
818652,2000,4000,2,35000,1994,15,1,,,,,,,,,,,,,,,,,,,,,,,,,,,,,,,,,,,,6,,,,,,,,,,,
818662,30000,5000,2,45000,2001,15,1,,,,,,,,,,,,,,,,,,,,,,,,,,,,,,,,,,,,7,,,,,,,,,,,
818768,28000,6000,2,45000,2005,10,2,,,,,,,,,,,,,,,,,,,,,,,,,,,,,,,,,,,,,4.85,,,,,,,,,,
818857,70000,2000,2,70000,2008,15,2,,,,,,,,,,,,,,,,,,,,,,,,,,,,,,,,,,,,,4.2,,,,,,,,,,
818860,30000,15000,2,200000,2000,10,2,,,,,,,,,,,,,,,,,,,,,,,,,,,,,,,,,,,,,4,,,,,,,,,,
818869,30000,8400,2,52000,2000,15,2,,,,,,,,,,,,,,,,,,,,,,,,,,,,,,,,,,,,,3.8,,,,,,,,,,
819027,110000,8000,3,120000,2006,30,2,,,,,,,,,,,,,,,,,,,,,,,,,,,,,,,,,,,,,5.05,,,,,,,,,,
819142,80000,6000,2,100000,2007,25,2,,,,,,,,,,,,,,,,,,,,,,,,,,,,,,,,,,,,,4,,,,,,,,,,
819258,35000,7000,1,100000,1999,15,1,,,,,,,,,,,,,,,,,,,,,,,,,,,,,,,,,,,,5,,,,,,,,,,,
819327,100000,1000,2,160000,1995,26,1,,,,,,,,,,,,,,,,,,,,,,,,,,,,,,,,,,,,3,,,,,,,,,,,
819341,3600,3600,1,10000,2007,3,1,,,,,,,,,,,,,,,,,,,,,,,,,,,,,,,,,,,,2.58,,,,,,,,,,,
819350,13000,15000,1,25000,2005,10,2,,,,,,,,,,,,,,,,,,,,,,,,,,,,,,,,,,,,,3.2,,,,,,,,,,
819402,35000,528,2,40000,2002,10,1,,,,,,,,,,,,,,,,,,,,,,,,,,,,,,,,,,,,3.2,,,,,,,,,,,
819510,870,500,1,20000,1994,20,1,,,,,,,,,,,,,,,,,,,,,,,,,,,,,,,,,,,,8,,,,,,,,,,,
819575,61000,8040,1,80000,2003,15,2,,,,,,,,,,,,,,,,,,,,,,,,,,,,,,,,,,,,,6,,,,,,,,,,
819580,93000,8796,1,135000,2002,20,1,,,,,,,,,,,,,,,,,,,,,,,,,,,,,,,,,,,,3,,,,,,,,,,,
819586,190000,16000,2,240000,2004,22,2,,,,,,,,,,,,,,,,,,,,,,,,,,,,,,,,,,,,,5,,,,,,,,,,
819603,28000,7000,1,70000,2002,10,2,,,,,,,,,,,,,,,,,,,,,,,,,,,,,,,,,,,,,5.5,,,,,,,,,,
819650,9999,5000,3,60000,2000,15,2,,,,,,,,,,,,,,,,,,,,,,,,,,,,,,,,,,,,,5.7,,,,,,,,,,
819654,160000,1125,2,180000,2005,25,1,,,,,,,,,,,,,,,,,,,,,,,,,,,,,,,,,,,,6,,,,,,,,,,,
819696,67000,2400,2,67000,2001,30,2,,,,,,,,,,,,,,,,,,,,,,,,,,,,,,,,,,,,,6,,,,,,,,,,
819704,68000,6500,2,80000,2004,20,2,2500,3100,2,3100,2008,2,1,5000,1900,2,6000,2007,3,1,,,,,,,,,,,,,,,,,,,,,,,6,,,18.12,,,,10,,,
819750,16000,7000,1,150000,2000,15,1,,,,,,,,,,,,,,,,,,,,,,,,,,,,,,,,,,,,6.2,,,,,,,,,,,
819761,30000,9000,2,65000,2005,6,1,,,,,,,,,,,,,,,,,,,,,,,,,,,,,,,,,,,,4,,,,,,,,,,,
819950,30000,5000,1,60000,1999,15,1,,,,,,,,,,,,,,,,,,,,,,,,,,,,,,,,,,,,5,,,,,,,,,,,
819955,70000,11000,1,100000,2004,15,2,,,,,,,,,,,,,,,,,,,,,,,,,,,,,,,,,,,,,6,,,,,,,,,,
820112,80000,4000,1,100000,2005,20,1,,,,,,,,,,,,,,,,,,,,,,,,,,,,,,,,,,,,4,,,,,,,,,,,
820118,18000,2200,2,18000,2008,7,1,,,,,,,,,,,,,,,,,,,,,,,,,,,,,,,,,,,,12,,,,,,,,,,,
820173,,,,,,,,,,,,,,,,,,,,,,125000,12000,2,125000,2008,20,1,,,,,,,,,,,,,,,,,7,,,,,,,,,
820176,80000,3000,2,80000,2008,15,1,,,,,,,,,,,,,,,,,,,,,,,,,,,,,,,,,,,,6,,,,,,,,,,,
820274,20000,5500,1,50000,2001,15,1,,,,,,,,,,,,,,,,,,,,,,,,,,,,,,,,,,,,4.05,,,,,,,,,,,
820282,14000,7000,1,45000,1995,15,2,,,,,,,,,,,,,,,,,,,,,,,,,,,,,,,,,,,,,3.09,,,,,,,,,,
820966,97500,2500,1,100000,2008,10,2,,,,,,,,,,,,,,,,,,,,,,,,,,,,,,,,,,,,,3,,,,,,,,,,
821053,65000,12000,1,135000,2000,15,2,,,,,,,,,,,,,,,,,,,,,,,,,,,,,,,,,,,,,5.5,,,,,,,,,,
821061,85000,6720,1,100000,2006,25,1,,,,,,,,,,,,,,,,,,,,,,,,,,,,,,,,,,,,6,,,,,,,,,,,
821094,6500,2200,3,6500,2008,5,2,,,,,,,,,,,,,,,,,,,,,,,,,,,,,,,,,,,,,6,,,,,,,,,,
821218,90000,8400,2,100000,2002,20,1,,,,,,,,,,,,,,,,,,,,,,,,,,,,,,,,,,,,6,,,,,,,,,,,
821247,57000,3600,2,75000,2001,25,1,,,,,,,,,,,,,,,,,,,,,,,,,,,,,,,,,,,,6,,,,,,,,,,,
821342,80000,2400,1,80000,2008,20,1,,,,,,,,,,,,,,,,,,,,,,,,,,,,,,,,,,,,4.7,,,,,,,,,,,
821367,80000,9600,2,105000,2003,15,1,,,,,,,,,,,,,,,,,,,,,,,,,,,,,,,,,,,,5,,,,,,,,,,,
821424,63000,4200,1,70000,2005,20,1,,,,,,,,,,,,,,,,,,,,,,,,,,,,,,,,,,,,2,,,,,,,,,,,
821738,94000,750,2,105000,1998,20,2,,,,,,,,,,,,,,,,,,,,,,,,,,,,,,,,,,,,,7,,,,,,,,,,
821771,30000,4800,2,50000,2003,15,2,,,,,,,,,,,,,,,,,,,,,,,,,,,,,,,,,,,,,5,,,,,,,,,,
821776,80000,6000,2,80000,2008,30,2,,,,,,,,,,,,,,,,,,,,,,,,,,,,,,,,,,,,,5.5,,,,,,,,,,
821781,50000,4800,1,70000,2005,30,2,,,,,,,,,,,,,,,,,,,,,,,,,,,,,,,,,,,,,6.25,,,,,,,,,,
821841,52000,8040,3,82000,2002,15,2,,,,,,,,,,,,,,,,,,,,,,,,,,,,,,,,,,,,,5.5,,,,,,,,,,
821960,38000,5268,3,115000,2003,10,2,,,,,,,,,,,,,,,,,,,,,,,,,,,,,,,,,,,,,4.5,,,,,,,,,,
821996,,,,,,,,,,,,,,,,,,,,,,10000,6200,1,50000,1993,15,1,,,,,,,,,,,,,,,,,3.5,,,,,,,,,
822191,9999,9600,2,11000,2001,20,2,,,,,,,,,,,,,,,,,,,,,,,,,,,,,,,,,,,,,4.5,,,,,,,,,,
822536,180000,4500,2,200000,2003,20,1,,,,,,,,,,,,,,,,,,,,,,,,,,,,,,,,,,,,5,,,,,,,,,,,
822539,190000,12000,2,205000,2006,30,2,,,,,,,,,,,,,,,,,,,,,,,,,,,,,,,,,,,,,5,,,,,,,,,,
822542,110000,9000,1,110000,2007,20,1,,,,,,,,,,,,,,,,,,,,,,,,,,,,,,,,,,,,5,,,,,,,,,,,
822555,45000,6840,2,75000,1999,15,1,,,,,,,,,,,,,,,,,,,,,,,,,,,,,,,,,,,,3.9,,,,,,,,,,,
822772,,,,,,,,,,,,,,,,,,,,,,190000,25500,1,200000,2008,10,1,,,,,,,,,,,,,,,,,5.5,,,,,,,,,
822773,5000,5500,2,100000,1976,35,2,,,,,,,,,,,,,,,,,,,,,,,,,,,,,,,,,,,,,5.5,,,,,,,,,,
822796,,,,,,,,,,,,,,,,,,,,,,25000,28000,2,200000,2003,7,2,,,,,,,,,,,,,,,,,,6,,,,,,,,
822822,90000,7800,3,100000,2007,25,2,,,,,,,,,,,,,,,,,,,,,,,,,,,,,,,,,,,,,6,,,,,,,,,,
822838,60000,6000,2,72000,2006,15,1,,,,,,,,,,,,,,,,,,,,,,,,,,,,,,,,,,,,5.5,,,,,,,,,,,
823116,65000,5100,1,70000,2006,25,1,,,,,,,,,,,,,,,,,,,,,,,,,,,,,,,,,,,,5,,,,,,,,,,,
823118,9000,9000,1,65000,2000,10,2,,,,,,,,,,,,,,,,,,,,,,,,,,,,,,,,,,,,,5,,,,,,,,,,
823130,150000,6700,1,155000,2007,25,1,,,,,,,,,,,,,,,,,,,,,,,,,,,,,,,,,,,,6,,,,,,,,,,,
823148,32700,4900,1,50000,2002,15,1,,,,,,,,,,,,,,,,,,,,,,,,,,,,,,,,,,,,6,,,,,,,,,,,
823160,145000,9600,1,150000,2006,30,1,,,,,,,,,,,,,,,,,,,,,,,,,,,,,,,,,,,,5,,,,,,,,,,,
823162,115000,12000,3,135000,2007,20,2,,,,,,,,,,,,,,,,,,,,,,,,,,,,,,,,,,,,,5,,,,,,,,,,
823260,30000,8500,1,60000,1998,15,1,,,,,,,,,,,,,,,,,,,,,,,,,,,,,,,,,,,,4.5,,,,,,,,,,,
823275,30000,8000,1,80000,2000,15,1,,,,,,,,,,,,,,,,,,,,,,,,,,,,,,,,,,,,5,,,,,,,,,,,
823329,160000,10000,2,170000,2007,25,2,,,,,,,,,,,,,,,,,,,,,,,,,,,,,,,,,,,,,5,,,,,,,,,,
823336,104000,8600,2,118000,2006,25,2,,,,,,,,,,,,,,,,,,,,,,,,,,,,,,,,,,,,,6,,,,,,,,,,
823451,83500,10800,2,170000,2000,15,1,,,,,,,,,,,,,,,,,,,,,,,,,,,,,,,,,,,,6.5,,,,,,,,,,,
823536,25000,7200,1,50000,2003,10,1,,,,,,,,,,,,,,,,,,,,,,,,,,,,,,,,,,,,4.5,,,,,,,,,,,
823546,55000,8500,1,60000,2006,20,2,,,,,,,,,,,,,,,,,,,,,,,,,,,,,,,,,,,,,6,,,,,,,,,,
823560,100000,1200,2,130000,2005,15,2,,,,,,,,,,,,,,,,,,,,,,,,,,,,,,,,,,,,,8,,,,,,,,,,
823566,28000,7200,1,60000,2003,15,2,,,,,,,,,,,,,,,,,,,,,,,,,,,,,,,,,,,,,8,,,,,,,,,,
823684,50000,4000,1,50000,2000,20,2,,,,,,,,,,,,,,,,,,,,,,,,,,,,,,,,,,,,,5,,,,,,,,,,
823767,12000,3600,2,35000,2002,10,1,,,,,,,,,,,,,,,,,,,,,,,,,,,,,,,,,,,,6,,,,,,,,,,,
823854,70000,6600,2,100000,2002,15,1,,,,,,,,,,,,,,,,,,,,,,,,,,,,,,,,,,,,4.05,,,,,,,,,,,
823974,130000,12000,2,140000,2006,25,1,,,,,,,,,,,,,,,,,,,,,,,,,,,,,,,,,,,,6,,,,,,,,,,,
823986,1750,3500,1,25000,1993,15,1,,,,,,,,,,,,,,,,,,,,,,,,,,,,,,,,,,,,4.5,,,,,,,,,,,
824122,90000,9000,3,100000,2006,20,2,,,,,,,,,,,,,,,,,,,,,,,,,,,,,,,,,,,,,6,,,,,,,,,,
824135,500,2300,1,20000,1988,20,1,,,,,,,,,,,,,,,,,,,,,,,,,,,,,,,,,,,,5.05,,,,,,,,,,,
824155,32000,2640,1,40000,2007,15,1,,,,,,,,,,,,,,,,,,,,,,,,,,,,,,,,,,,,6,,,,,,,,,,,
824167,12000,3000,1,75000,1990,20,1,,,,,,,,,,,,,,,,,,,,,,,,,,,,,,,,,,,,5.01,,,,,,,,,,,
824169,80000,6000,2,90000,2007,20,1,,,,,,,,,,,,,,,,,,,,,,,,,,,,,,,,,,,,5.03,,,,,,,,,,,
824403,90000,9600,1,190000,2003,25,1,,,,,,,,,,,,,,,,,,,,,,,,,,,,,,,,,,,,6,,,,,,,,,,,
824420,179000,14400,1,190000,2006,21,2,,,,,,,,,,,,,,,,,,,,,,,,,,,,,,,,,,,,,6.47,,,,,,,,,,
824711,2500,5160,2,36000,1994,15,2,,,,,,,,,,,,,,,5100,5100,2,36000,1994,15,2,,,,,,,,,,,,,,,,6.25,,6.25,,,,,,,,
824718,70000,6540,2,80000,2006,20,1,,,,,,,,,,,,,,,,,,,,,,,,,,,,,,,,,,,,4.9,,,,,,,,,,,
824724,5000,3600,1,12000,2005,5,1,,,,,,,,,,,,,,,,,,,,,,,,,,,,,,,,,,,,4,,,,,,,,,,,
824725,2000,9000,1,70000,1999,10,2,,,,,,,,,,,,,,,,,,,,,,,,,,,,,,,,,,,,,5,,,,,,,,,,
825040,127000,12000,1,145000,2004,25,2,,,,,,,,,,,,,,,,,,,,,,,,,,,,,,,,,,,,,4.5,,,,,,,,,,
825068,137000,859,1,145000,2003,30,2,,,,,,,,,,,,,,,,,,,,,,,,,,,,,,,,,,,,,7,,,,,,,,,,
825078,5000,3000,1,25000,2000,10,2,,,,,,,,,,,,,,,,,,,,,,,,,,,,,,,,,,,,,2,,,,,,,,,,
825097,100000,8000,2,200000,2004,15,2,,,,,,,,,,,,,,,,,,,,,,,,,,,,,,,,,,,,,4.5,,,,,,,,,,
825122,5000,2500,1,20000,2000,10,1,,,,,,,,,,,,,,,,,,,,,,,,,,,,,,,,,,,,2,,,,,,,,,,,
825189,47000,3500,1,50000,2008,15,1,,,,,,,,,,,,,,,,,,,,,,,,,,,,,,,,,,,,5,,,,,,,,,,,
825244,176000,8000,2,200000,2006,30,2,,,,,,,,,,,,,,,,,,,,,,,,,,,,,,,,,,,,,6,,,,,,,,,,
825270,22000,4000,3,40000,2000,15,2,,,,,,,,,,,,,,,,,,,,,,,,,,,,,,,,,,,,,6,,,,,,,,,,
825308,30000,6000,1,52000,1998,15,1,,,,,,,,,,,,,,,,,,,,,,,,,,,,,,,,,,,,5.7,,,,,,,,,,,
825314,75000,6000,2,78000,2002,20,2,,,,,,,,,,,,,,,,,,,,,,,,,,,,,,,,,,,,,6.4,,,,,,,,,,
825350,65000,5300,1,80000,2003,15,1,,,,,,,,,,,,,,,,,,,,,,,,,,,,,,,,,,,,4.9,,,,,,,,,,,
825393,160000,1100,3,160000,2008,16,2,,,,,,,,,,,,,,,,,,,,,,,,,,,,,,,,,,,,,6.02,,,,,,,,,,
825429,3000,9600,1,110000,1989,20,2,,,,,,,,,,,,,,,,,,,,,,,,,,,,,,,,,,,,,5.8,,,,,,,,,,
825510,132000,6000,1,145000,2003,30,1,,,,,,,,,,,,,,,,,,,,,,,,,,,,,,,,,,,,1.05,,,,,,,,,,,
825590,118000,9000,2,120000,2007,30,1,,,,,,,,,,,,,,,,,,,,,,,,,,,,,,,,,,,,6.03,,,,,,,,,,,
825682,30000,5000,2,45000,2004,10,2,,,,,,,,,,,,,,,,,,,,,,,,,,,,,,,,,,,,,6.08,,,,,,,,,,
825838,80000,8000,1,100000,2004,25,2,,,,,,,,,,,,,,,,,,,,,,,,,,,,,,,,,,,,,4.04,,,,,,,,,,
825859,100000,9300,1,120000,2004,20,1,,,,,,,,,,,,,,,,,,,,,,,,,,,,,,,,,,,,4.65,,,,,,,,,,,
825873,30000,4800,2,35000,2002,10,1,,,,,,,,,,,,,,,,,,,,,,,,,,,,,,,,,,,,7.06,,,,,,,,,,,
826009,10000,6000,1,40000,2000,15,1,,,,,,,,,,,,,,,,,,,,,,,,,,,,,,,,,,,,8,,,,,,,,,,,
826030,70000,6500,1,80000,2004,25,1,,,,,,,,,,,,,,,,,,,,,,,,,,,,,,,,,,,,6.25,,,,,,,,,,,
826118,90000,6000,2,100000,2006,10,2,,,,,,,,,,,,,,,,,,,,,,,,,,,,,,,,,,,,,5,,,,,,,,,,
826122,35000,5000,1,65000,2004,15,2,,,,,,,,,,,,,,,,,,,,,,,,,,,,,,,,,,,,,4,,,,,,,,,,
826124,119000,9600,1,135000,2003,25,2,,,,,,,,,,,,,,,,,,,,,,,,,,,,,,,,,,,,,3,,,,,,,,,,
826139,100000,6000,1,120000,2007,30,2,,,,,,,,,,,,,,,,,,,,,,,,,,,,,,,,,,,,,3.02,,,,,,,,,,
826143,30000,8400,1,30000,2006,5,2,,,,,,,,,,,,,,,,,,,,,,,,,,,,,,,,,,,,,3,,,,,,,,,,
826156,60000,7200,2,70000,2007,15,1,,,,,,,,,,,,,,,,,,,,,,,,,,,,,,,,,,,,5.2,,,,,,,,,,,
826161,7000,4000,1,17500,2006,5,1,,,,,,,,,,,,,,,,,,,,,,,,,,,,,,,,,,,,4,,,,,,,,,,,
826460,23000,1500,1,50000,1995,20,2,,,,,,,,,,,,,,,,,,,,,,,,,,,,,,,,,,,,,2.75,,,,,,,,,,
826474,,,,,,,,,,,,,,,,,,,,,,4300,1500,2,100000,1998,12,2,,,,,,,,,,,,,,,,,,5,,,,,,,,
826500,20000,6000,2,70000,2001,10,1,,,,,,,,,,,,,,,,,,,,,,,,,,,,,,,,,,,,0,,,,,,,,,,,
826743,500,500,1,500,1999,10,1,,,,,,,,,,,,,,,,,,,,,,,,,,,,,,,,,,,,5,,,,,,,,,,,
826744,190000,17300,1,208000,2004,25,2,,,,,,,,,,,,,,,,,,,,,,,,,,,,,,,,,,,,,6.04,,,,,,,,,,
826840,150000,10800,1,160000,2006,30,2,,,,,,,,,,,,,,,,,,,,,,,,,,,,,,,,,,,,,5.5,,,,,,,,,,
827069,200000,30000,2,300000,2001,20,2,,,,,,,,,,,,,,,,,,,,,,,,,,,,,,,,,,,,,6.08,,,,,,,,,,
827155,,,,,,,,,,,,,,,,,,,,,,80000,3000,3,92000,2002,30,2,,,,,,,,,,,,,,,,,,7,,,,,,,,
827157,68000,6000,3,80000,2003,20,2,,,,,,,,,,,,,,,,,,,,,,,,,,,,,,,,,,,,,7,,,,,,,,,,
827188,7000,1050,1,13000,1983,35,1,,,,,,,,,,,,,,,,,,,,,,,,,,,,,,,,,,,,7.9,,,,,,,,,,,
827213,69000,2750,1,92000,2000,20,2,,,,,,,,,,,,,,,,,,,,,,,,,,,,,,,,,,,,,5,,,,,,,,,,
827252,22000,5000,2,56800,1999,15,2,,,,,,,,,,,,,,,,,,,,,,,,,,,,,,,,,,,,,3.5,,,,,,,,,,
827259,48000,6800,1,77000,1998,20,2,,,,,,,,,,,,,,,,,,,,,,,,,,,,,,,,,,,,,4.5,,,,,,,,,,
827329,90000,4800,1,128500,2000,15,1,,,,,,,,,,,,,,,,,,,,,,,,,,,,,,,,,,,,5.4,,,,,,,,,,,
827369,85000,7200,2,100000,2007,20,1,,,,,,,,,,,,,,,,,,,,,,,,,,,,,,,,,,,,4.7,,,,,,,,,,,
827436,222000,15600,2,228000,2005,25,2,,,,,,,,,,,,,,,,,,,,,,,,,,,,,,,,,,,,,2,,,,,,,,,,
827455,15000,3000,1,35000,2007,10,2,,,,,,,,,,,,,,,,,,,,,,,,,,,,,,,,,,,,,2.5,,,,,,,,,,
827457,23000,4400,2,50000,2000,15,2,20000,3240,2,40000,2002,15,2,,,,,,,,,,,,,,,,,,,,,,,,,,,,,,4,,,,4,,,,,,
827478,30000,6500,2,35000,2007,6,2,,,,,,,,,,,,,,,,,,,,,,,,,,,,,,,,,,,,,5,,,,,,,,,,
827490,73000,7200,2,80000,2006,15,2,,,,,,,,,,,,,,,,,,,,,,,,,,,,,,,,,,,,,4.8,,,,,,,,,,
827527,140000,14000,2,200000,2004,15,1,,,,,,,,,,,,,,,,,,,,,,,,,,,,,,,,,,,,5,,,,,,,,,,,
827641,65000,7000,2,70000,2006,15,1,,,,,,,,,,,,,,,,,,,,,,,,,,,,,,,,,,,,5,,,,,,,,,,,
827642,55000,6000,2,55000,2008,15,1,,,,,,,,,,,,,,,,,,,,,,,,,,,,,,,,,,,,5,,,,,,,,,,,
827645,200000,15000,2,220000,2005,20,2,,,,,,,,,,,,,,,,,,,,,,,,,,,,,,,,,,,,,7,,,,,,,,,,
827676,,,,,,,,,,,,,,,,,,,,,,300000,20000,2,300000,2007,20,1,,,,,,,,,,,,,,,,,4.45,,,,,,,,,
827771,70000,7584,1,120000,2000,20,1,,,,,,,,,,,,,,,,,,,,,,,,,,,,,,,,,,,,5.25,,,,,,,,,,,
827850,,,,,,,,,,,,,,,,,,,,,,75000,8100,1,90000,2006,12,2,,,,,,,,,,,,,,,,,,4.08,,,,,,,,
827870,,,,,,,,,,,,,,,,,,,,,,5000,6000,2,30000,2000,10,1,,,,,,,,,,,,,,,,,8,,,,,,,,,
827882,12000,2900,2,12000,2008,5,2,,,,,,,,,,,,,,,,,,,,,,,,,,,,,,,,,,,,,9,,,,,,,,,,
827905,120000,6000,2,130000,2007,30,2,,,,,,,,,,,,,,,,,,,,,,,,,,,,,,,,,,,,,5,,,,,,,,,,
827911,90000,11000,2,100000,2001,20,1,,,,,,,,,,,,,,,,,,,,,,,,,,,,,,,,,,,,5,,,,,,,,,,,
827918,155000,15000,2,200000,2005,15,1,,,,,,,,,,,,,,,,,,,,,,,,,,,,,,,,,,,,5,,,,,,,,,,,
827954,22000,4000,1,50000,1989,25,1,,,,,,,,,,,,,,,,,,,,,,,,,,,,,,,,,,,,5,,,,,,,,,,,
827958,100000,8000,2,100000,2008,30,1,,,,,,,,,,,,,,,,,,,,,,,,,,,,,,,,,,,,5,,,,,,,,,,,
828023,150000,12000,2,200000,2000,20,1,,,,,,,,,,,,,,,,,,,,,,,,,,,,,,,,,,,,7,,,,,,,,,,,
828045,130000,2000,1,130000,2008,25,1,,,,,,,,,,,,,,,,,,,,,,,,,,,,,,,,,,,,1.05,,,,,,,,,,,
828187,30000,4200,1,47000,2002,15,2,,,,,,,,,,,,,,,,,,,,,,,,,,,,,,,,,,,,,3.6,,,,,,,,,,
828197,20000,4400,1,35000,2004,10,1,,,,,,,,,,,,,,,,,,,,,,,,,,,,,,,,,,,,5,,,,,,,,,,,
828206,17000,6000,2,20000,2008,5,1,,,,,,,,,,,,,,,,,,,,,,,,,,,,,,,,,,,,8.5,,,,,,,,,,,
850004,100000,7200,1,130000,2006,20,1,,,,,,,,,,,,,,,,,,,,,,,,,,,,,,,,,,,,5,,,,,,,,,,,
850005,50000,4800,1,50000,2006,15,2,,,,,,,,,,,,,,,,,,,,,,,,,,,,,,,,,,,,,3.5,,,,,,,,,,
850008,111600,8400,1,115000,2007,25,2,,,,,,,,,,,,,,,,,,,,,,,,,,,,,,,,,,,,,6,,,,,,,,,,
850011,250000,24000,1,300000,2005,30,2,,,,,,,,,,,,,,,,,,,,,,,,,,,,,,,,,,,,,5.5,,,,,,,,,,
850014,46000,3876,2,50000,2008,15,1,,,,,,,,,,,,,,,,,,,,,,,,,,,,,,,,,,,,5.9,,,,,,,,,,,
850020,66000,5544,1,70000,2007,20,1,,,,,,,,,,,,,,,,,,,,,,,,,,,,,,,,,,,,5,,,,,,,,,,,
850025,100000,12000,2,130000,2007,30,2,,,,,,,,,,,,,,,,,,,,,,,,,,,,,,,,,,,,,4.5,,,,,,,,,,
850029,93000,7000,1,100000,2007,15,1,,,,,,,,,,,,,,,,,,,,,,,,,,,,,,,,,,,,6,,,,,,,,,,,
